JOGO,RESULTADO,CORINTHIANS,GOL COR,GOL VIS,VISITANTE,DIA,CAMPEONATO,J1,J2,J3,J4,J5,J6,J7,J8,J9,J10,J11,R1,R2,R3,R4,R5,R6-A,R7-A,R8-A,R9-A,R10-A,R11-A,R12-A
1,D,CORINTHIANS,0,1,FIGUEIRENSE,18/05/2014,BRASILEIRO,Cássio,Fagner,Gil,Cleber,Fábio Santos,Ralf,Guilherme dos Santos,Renato Augusto,Jadson,Luciano,Guerrero,Romarinho,Danilo,Paulo Victor,,,,,,,,,
2,E,CORINTHIANS,1,1,BOTAFOGO,01/06/2014,BRASILEIRO,Walter,Fagner,Gil,Cleber,Fábio Santos,Ralf,Petros,Bruno Henrique,Jadson,Romarinho,Guerrero,Luciano,Renato Augusto,Zé Paulo,,,,,,,,,
3,V,CORINTHIANS,2,1,INTERNACIONAL,17/07/2014,BRASILEIRO,Cássio,Fagner,Gil,Cleber,Fábio Santos,Ralf,Elias,Petros,Jadson,Luciano,Guerrero,Romarinho,Bruno Henrique,Romero,,,,,,,,,
4,V,CORINTHIANS,3,0,BAHIA,23/07/2014,COPA DO BRASIL,Cássio,Fagner,Gil,Cleber,Fábio Santos,Ralf,Elias,Petros,Jadson,Romero,Guerrero,Romarinho,Renato Augusto,Luciano,,,,,,,,,
5,V,CORINTHIANS,2,0,PALMEIRAS,27/07/2014,BRASILEIRO,Cássio,Fagner,Gil,Cleber,Fábio Santos,Ralf,Elias,Renato Augusto,Petros,Romero,Guerrero,Romarinho,Danilo,Luciano,,,,,,,,,
6,E,CORINTHIANS,1,1,BAHIA,16/08/2014,BRASILEIRO,Cássio,Fagner,Gil,Cleber,Fábio Santos,Ralf,Elias,Petros,Jadson,Romero,Guerrero,Renato Augusto,Romarinho,Luciano,,,,,,,,,
7,V,CORINTHIANS,5,2,GOIÁS,21/08/2014,BRASILEIRO,Cássio,Fagner,Gil,Anderson Martins,Fábio Santos,Ralf,Elias,Renato Augusto,Jadson,Romero,Guerrero,Luciano,Lodeiro,Bruno Henrique,,,,,,,,,
8,E,CORINTHIANS,1,1,FLUMINENSE,31/08/2014,BRASILEIRO,Cássio,Ferrugem,Gil,Anderson Martins,Fábio Santos,Ralf,Elias,Lodeiro,Jadson,Romero,Romarinho,Renato Augusto,Luciano,Fagner,,,,,,,,,
9,V,CORINTHIANS,3,1,BRAGANTINO,03/09/2014,COPA DO BRASIL,Cássio,Fagner,Felipe,Anderson Martins,Fábio Santos,Ralf,Bruno Henrique,Renato Augusto,Luciano,Romero,Romarinho,Jadson,Petros,Danilo,,,,,,,,,
10,V,CORINTHIANS,1,0,ATLÉTICO (MG),11/09/2014,BRASILEIRO,Cássio,Fagner,Gil,Anderson Martins,Fábio Santos,Ralf,Elias,Renato Augusto,Petros,Luciano,Romero,Guerrero,Malcom,Bruno Henrique,,,,,,,,,
11,E,CORINTHIANS,1,1,CHAPECOENSE,18/09/2014,BRASILEIRO,Cássio,Ferrugem,Gil,Felipe,Fábio Santos,Ralf,Elias,Luciano,Jadson,Malcom,Guerrero,Romero,Lodeiro,Bruno Henrique,,,,,,,,,
12,V,CORINTHIANS,3,2,SÃO PAULO,21/09/2014,BRASILEIRO,Cássio,Fagner,Gil,Anderson Martins,Fábio Santos,Ralf,Bruno Henrique,Renato Augusto,Danilo,Malcom,Guerrero,Luciano,Uendel,Romero,,,,,,,,,
13,V,CORINTHIANS,2,0,ATLÉTICO (MG),01/10/2014,COPA DO BRASIL,Cássio,Fagner,Gil,Anderson Martins,Fábio Santos,Elias,Bruno Henrique,Renato Augusto,Petros,Malcom,Guerrero,Danilo,Luciano,Romero,,,,,,,,,
14,V,CORINTHIANS,3,0,SPORT,04/10/2014,BRASILEIRO,Cássio,Fagner,Gil,Anderson Martins,Fábio Santos,Elias,Bruno Henrique,Renato Augusto,Petros,Malcom,Guerrero,Luciano,Danilo,Romero,,,,,,,,,
15,E,CORINTHIANS,2,2,CORITIBA,01/11/2014,BRASILEIRO,Cássio,Fagner,Gil,Anderson Martins,Uendel,Elias,Bruno Henrique,Renato Augusto,Danilo,Malcom,Luciano,Romero,Gustavo Tocantins,Jadson,,,,,,,,,
16,V,CORINTHIANS,1,0,SANTOS,09/11/2014,BRASILEIRO,Cássio,Fagner,Gil,Felipe,Fábio Santos,Ralf,Elias,Renato Augusto,Petros,Malcom,Guerrero,Luciano,Danilo,Bruno Henrique,,,,,,,,,
17,V,CORINTHIANS,1,0,GRÊMIO,23/11/2014,BRASILEIRO,Cássio,Fagner,Gil,Felipe,Fábio Santos,Ralf,Elias,Renato Augusto,Petros,Malcom,Guerrero,Luciano,Danilo,Jadson,,,,,,,,,
18,V,CORINTHIANS,2,1,CRICIÚMA,06/12/2014,BRASILEIRO,Cássio,Fagner,Felipe,Anderson Martins,Fábio Santos,Ralf,Elias,Renato Augusto,Petros,Malcom,Guerrero,Danilo,Jadson,Bruno Henrique,,,,,,,,,
19,V,CORINTHIANS,3,0,CORINTHIAN-CASUALS,24/01/2015,AMISTOSO,Cássio,Fagner,Gil,Felipe,Fábio Santos,Ralf,Elias,Renato Augusto,Lodeiro,Emerson,Guerrero,Edilson,Uendel,Jadson,Danilo,Bruno Henrique,Petros,Luciano,Mendoza,Jamie Byatt,,,
20,V,CORINTHIANS,3,0,MARÍLIA,01/02/2015,PAULISTA,Cássio,Fagner,Gil,Felipe,Fábio Santos,Ralf,Elias,Renato Augusto,Jadson,Emerson,Guerrero,Danilo,Luciano,Bruno Henrique,,,,,,,,,
21,V,CORINTHIANS,4,0,ONCE CALDAS,04/02/2015,LIBERTADORES,Cássio,Fagner,Gil,Felipe,Fábio Santos,Ralf,Elias,Renato Augusto,Jadson,Emerson,Guerrero,Mendoza,Bruno Henrique,Edu Dracena,,,,,,,,,
22,V,CORINTHIANS,2,1,BOTAFOGO (SP),14/02/2015,PAULISTA,Walter,Edilson,Yago,Edu Dracena,Fábio Santos,Cristian,Bruno Henrique,Petros,Luciano,Mendoza,Guerrero,Jadson,Malcom,Vagner Love,,,,,,,,,
23,V,CORINTHIANS,2,0,SÃO PAULO,18/02/2015,LIBERTADORES,Cássio,Fagner,Gil,Felipe,Fábio Santos,Ralf,Elias,Renato Augusto,Jadson,Emerson,Danilo,Bruno Henrique,Malcom,Mendoza,,,,,,,,,
24,V,CORINTHIANS,3,0,MOGI MIRIM,01/03/2015,PAULISTA,Cássio,Edilson,Yago,Edu Dracena,Cristian,Petros,Mendoza,Malcom,Jadson,Vagner Love,Guerrero,Danilo,Luciano,Fagner,,,,,,,,,
25,V,CORINTHIANS,1,0,SÃO BERNARDO,11/03/2015,PAULISTA,Cássio,Edilson,Yago,Edu Dracena,Felipe,Cristian,Danilo,Petros,Luciano,Malcom,Vagner Love,Jadson,Ralf,Romero,,,,,,,,,
26,E,CORINTHIANS,0,0,RED BULL BRASIL,14/03/2015,PAULISTA,Cássio,Fagner,Gil,Felipe,Uendel,Ralf,Elias,Cristian,Jadson,Emerson,Guerrero,Vagner Love,Malcom,Luciano,,,,,,,,,
27,V,CORINTHIANS,2,0,PORTUGUESA,24/03/2015,PAULISTA,Walter,Edilson,Yago,Felipe,Cristian,Bruno Henrique,Petros,Danilo,Luciano,Malcom,Vagner Love,Ralf,Fagner,Romero,,,,,,,,,
28,V,CORINTHIANS,5,3,PENAPOLENSE,26/03/2015,PAULISTA,Cássio,Fagner,Yago,Edu Dracena,Uendel,Ralf,Petros,Renato Augusto,Jadson,Emerson,Guerrero,Vagner Love,Bruno Henrique,Malcom,,,,,,,,,
29,V,CORINTHIANS,4,0,DANUBIO,01/04/2015,LIBERTADORES,Cássio,Fagner,Gil,Felipe,Uendel,Ralf,Elias,Renato Augusto,Jadson,Emerson,Guerrero,Edu Dracena,Petros,Vagner Love,,,,,,,,,
30,E,CORINTHIANS,1,1,SANTOS,05/04/2015,PAULISTA,Cássio,Fagner,Gil,Felipe,Uendel,Ralf,Elias,Renato Augusto,Jadson,Emerson,Guerrero,Vagner Love,Petros,,,,,,,,,,
31,V,CORINTHIANS,1,0,PONTE PRETA,11/04/2015,PAULISTA,Cássio,Fagner,Gil,Felipe,Uendel,Ralf,Elias,Renato Augusto,Jadson,Emerson,Vagner Love,Danilo,Mendoza,Bruno Henrique,,,,,,,,,
32,E,CORINTHIANS,|,0,SAN LORENZO,16/04/2015,LIBERTADORES,Cássio,Fagner,Gil,Felipe,Uendel,Ralf,Elias,Renato Augusto,Jadson,Emerson,Vagner Love,Danilo,Mendoza,,,,,,,,,,
33,E,CORINTHIANS,2,2,PALMEIRAS,19/04/2015,PAULISTA,Cássio,Fagner,Gil,Felipe,Fábio Santos,Ralf,Bruno Henrique,Danilo,Jadson,Mendoza,Vagner Love,Renato Augusto,Elias,Petros,,,,,,,,,
34,D,CORINTHIANS,0,1,GUARANÍ (PAR),13/05/2015,LIBERTADORES,Cássio,Fagner,Gil,Felipe,Fábio Santos,Ralf,Elias,Renato Augusto,Jadson,Malcom,Guerrero,Danilo,Mendoza,Bruno Henrique,,,,,,,,,
35,D,CORINTHIANS,0,2,PALMEIRAS,31/05/2015,BRASILEIRO,Cássio,Fagner,Gil,Edu Dracena,Fábio Santos,Ralf,Bruno Henrique,Renato Augusto,Jadson,Petros,Romero,Mendoza,Danilo,Edilson,,,,,,,,,
36,V,CORINTHIANS,2,1,INTERNACIONAL,13/06/2015,BRASILEIRO,Cássio,Fagner,Gil,Edu Dracena,Fábio Santos,Cristian,Petros,Renato Augusto,Jadson,Mendoza,Romero,Ralf,Vagner Love,Danilo,,,,,,,,,
37,V,CORINTHIANS,2,1,FIGUEIRENSE,27/06/2015,BRASILEIRO,Cássio,Edilson,Gil,Felipe,Uendel,Bruno Henrique,Luciano,Renato Augusto,Jadson,Malcom,Vagner Love,Marciel,Danilo,Yago,,,,,,,,,
38,V,CORINTHIANS,2,0,PONTE PRETA,02/07/2015,BRASILEIRO,Cássio,Fagner,Gil,Felipe,Uendel,Bruno Henrique,Elias,Renato Augusto,Jadson,Malcom,Vagner Love,Mendoza,Ralf,Danilo,,,,,,,,,
39,V,CORINTHIANS,2,0,ATHLETICO,09/07/2015,BRASILEIRO,Cássio,Fagner,Gil,Felipe,Uendel,Bruno Henrique,Elias,Renato Augusto,Jadson,Malcom,Vagner Love,Danilo,Ralf,Rildo,,,,,,,,,
40,V,CORINTHIANS,1,0,ATLÉTICO (MG),18/07/2015,BRASILEIRO,Walter,Fagner,Gil,Felipe,Uendel,Bruno Henrique,Elias,Renato Augusto,Rildo,Malcom,Vagner Love,Mendoza,Danilo,Ralf,,,,,,,,,
41,V,CORINTHIANS,3,0,VASCO DA GAMA,29/07/2015,BRASILEIRO,Walter,Fagner,Gil,Felipe,Uendel,Bruno Henrique,Elias,Renato Augusto,Jadson,Malcom,Vagner Love,Luciano,Edilson,Ralf,,,,,,,,,
42,V,CORINTHIANS,4,3,SPORT,12/08/2015,BRASILEIRO,Cássio,Fagner,Gil,Edu Dracena,Uendel,Bruno Henrique,Elias,Renato Augusto,Jadson,Malcom,Luciano,Guilherme Arana,Ralf,Rildo,,,,,,,,,
43,V,CORINTHIANS,3,0,CRUZEIRO,23/08/2015,BRASILEIRO,Cássio,Fagner,Gil,Felipe,Uendel,Bruno Henrique,Elias,Renato Augusto,Jadson,Malcom,Vagner Love,Ralf,Danilo,Matheus Pereira,,,,,,,,,
44,D,CORINTHIANS,1,2,SANTOS,26/08/2015,COPA DO BRASIL,Cássio,Edilson,Gil,Felipe,Uendel,Ralf,Bruno Henrique,Renato Augusto,Matheus Pereira,Malcom,Vagner Love,Cristian,Romero,Edu Dracena,,,,,,,,,
45,V,CORINTHIANS,2,0,FLUMINENSE,02/09/2015,BRASILEIRO,Cássio,Fagner,Gil,Edu Dracena,Guilherme Arana,Ralf,Marciel,Danilo,Jadson,Malcom,Vagner Love,Rildo,Romero,Rodriguinho,,,,,,,,,
46,E,CORINTHIANS,1,1,GRÊMIO,09/09/2015,BRASILEIRO,Cássio,Edilson,Edu Dracena,Felipe,Guilherme Arana,Ralf,Marciel,Renato Augusto,Jadson,Malcom,Vagner Love,Yago,Rildo,Danilo,,,,,,,,,
47,V,CORINTHIANS,3,0,JOINVILLE,13/09/2015,BRASILEIRO,Cássio,Fagner,Gil,Felipe,Uendel,Ralf,Elias,Renato Augusto,Jadson,Rildo,Vagner Love,Malcom,Danilo,Cristian,,,,,,,,,
48,V,CORINTHIANS,2,0,SANTOS,20/09/2015,BRASILEIRO,Cássio,Fagner,Gil,Felipe,Yago,Ralf,Elias,Renato Augusto,Jadson,Malcom,Vagner Love,Lucca,Cristian,Danilo,,,,,,,,,
49,V,CORINTHIANS,3,0,GOIÁS,15/10/2015,BRASILEIRO,Cássio,Edilson,Gil,Edu Dracena,Guilherme Arana,Ralf,Rodriguinho,Renato Augusto,Jadson,Malcom,Vagner Love,Lucca,Danilo,Cristian,,,,,,,,,
50,V,CORINTHIANS,1,0,FLAMENGO,25/10/2015,BRASILEIRO,Cássio,Edilson,Gil,Felipe,Guilherme Arana,Ralf,Elias,Renato Augusto,Jadson,Malcom,Vagner Love,Lucca,Danilo,Yago,,,,,,,,,
51,V,CORINTHIANS,2,1,CORITIBA,07/11/2015,BRASILEIRO,Cássio,Edilson,Gil,Felipe,Guilherme Arana,Ralf,Elias,Renato Augusto,Jadson,Malcom,Vagner Love,Lucca,Danilo,Rodriguinho,,,,,,,,,
52,V,CORINTHIANS,6,1,SÃO PAULO,22/11/2015,BRASILEIRO,Cássio,Fagner,Edu Dracena,Felipe,Uendel,Ralf,Bruno Henrique,Danilo,Rodriguinho,Lucca,Romero,Lincom,Cristian,Yago,,,,,,,,,
53,E,CORINTHIANS,1,1,AVAÍ,06/12/2015,BRASILEIRO,Cássio,Fagner,Gil,Felipe,Uendel,Ralf,Elias,Lucca,Rodriguinho,Malcom,Vagner Love,Danilo,Bruno Henrique,Romero,,,,,,,,,
54,V,CORINTHIANS,1,0,XV DE PIRACICABA,31/01/2016,PAULISTA,Cássio,Fagner,Yago,Felipe,Uendel,Bruno Henrique,Elias,Danilo,Rodriguinho,Romero,Lucca,Marlone,Guilherme Arana,,,,,,,,,,
55,V,CORINTHIANS,2,1,CAPIVARIANO,11/02/2016,PAULISTA,Cássio,Edilson,Vilson,Felipe,Uendel,Willians,Maycon,Marlone,Danilo,Guilherme,Romero,Fagner,Giovanni Augusto,Lucca,,,,,,,,,
56,V,CORINTHIANS,2,0,SÃO PAULO,14/02/2016,PAULISTA,Cássio,Fagner,Yago,Felipe,Guilherme Arana,Bruno Henrique,Maycon,Giovanni Augusto,Rodriguinho,Lucca,André,Willians,Danilo,Romero,,,,,,,,,
57,V,CORINTHIANS,1,0,OESTE,27/02/2016,PAULISTA,Matheus Vidotto,Fagner,Yago,Felipe,Uendel,Bruno Henrique,Giovanni Augusto,Guilherme,Rodriguinho,Lucca,André,Luciano,Romero,Danilo,,,,,,,,,
58,V,CORINTHIANS,1,0,SANTA FÉ,02/03/2016,LIBERTADORES,Cássio,Fagner,Yago,Felipe,Uendel,Bruno Henrique,Giovanni Augusto,Guilherme,Rodriguinho,Lucca,André,Danilo,Willians,Edilson,,,,,,,,,
59,V,CORINTHIANS,2,0,CERRO PORTEÑO,16/03/2016,LIBERTADORES,Cássio,Fagner,Yago,Felipe,Uendel,Bruno Henrique,Maycon,Giovanni Augusto,Guilherme,Lucca,Luciano,Danilo,Willians,Alan Mineiro,,,,,,,,,
60,V,CORINTHIANS,4,0,LINENSE,19/03/2016,PAULISTA,Cássio,Edilson,Balbuena,Vilson,Guilherme Arana,Willians,Danilo,Alan Mineiro,Rodriguinho,Romero,André,Cristian,Maycon,Claudinho,,,,,,,,,
61,V,CORINTHIANS,1,0,ITUANO,26/03/2016,PAULISTA,Cássio,Fagner,Yago,Felipe,Uendel,Bruno Henrique,Maycon,Giovanni Augusto,Guilherme,Lucca,André,Alan Mineiro,Romero,Danilo,,,,,,,,,
62,V,CORINTHIANS,2,1,PONTE PRETA,30/03/2016,PAULISTA,Cássio,Edilson,Balbuena,Vilson,Guilherme Arana,Willians,Danilo,Alan Mineiro,Rodriguinho,Romero,Luciano,Maycon,André,Giovanni Augusto,,,,,,,,,
63,V,CORINTHIANS,3,0,GRÊMIO NOVORIZONTINO,10/04/2016,PAULISTA,Walter,Fagner,Balbuena,Yago,Uendel,Bruno Henrique,Elias,Danilo,Guilherme,Romero,Luciano,Alan Mineiro,Marlone,Willians,,,,,,,,,
64,V,CORINTHIANS,4,0,RED BULL,16/04/2016,PAULISTA,Cássio,Fagner,Yago,Felipe,Uendel,Bruno Henrique,Elias,Giovanni Augusto,Guilherme,Lucca,André,Alan Mineiro,Edilson,Romero,,,,,,,,,
65,V,CORINTHIANS,6,0,COBRESAL,20/04/2016,LIBERTADORES,Cássio,Edilson,Balbuena,Vilson,Guilherme Arana,Willians,Maycon,Marlone,Rodriguinho,Romero,Luciano,Cristian,Elias,Alan Mineiro,,,,,,,,,
66,E,CORINTHIANS,2,2,AUDAX,23/04/2016,PAULISTA,Cássio,Fagner,Yago,Felipe,Uendel,Bruno Henrique,Elias,Alan Mineiro,Guilherme,Lucca,André,Rodriguinho,Romero,Luciano,,,,,,,,,
67,E,CORINTHIANS,2,2,NACIONAL (URU),04/05/2016,LIBERTADORES,Cássio,Fagner,Yago,Felipe,Uendel,Bruno Henrique,Elias,Giovanni Augusto,Rodriguinho,Lucca,André,Romero,Marquinhos Gabriel,Danilo,,,,,,,,,
68,E,CORINTHIANS,0,0,GRÊMIO,15/05/2016,BRASILEIRO,Walter,Fagner,Balbuena,Felipe,Uendel,Bruno Henrique,Elias,Rodriguinho,Marquinhos Gabriel,Romero,André,Guilherme,Giovanni Augusto,Luciano,,,,,,,,,
69,V,CORINTHIANS,3,0,PONTE PRETA,26/05/2016,BRASILEIRO,Walter,Fagner,Vilson,Felipe,Uendel,Cristian,Bruno Henrique,Giovanni Augusto,Marquinhos Gabriel,Guilherme,Luciano,Marlone,André,Guilherme Arana,,,,,,,,,
70,V,CORINTHIANS,1,0,SANTOS,01/06/2016,BRASILEIRO,Walter,Fagner,Vilson,Felipe,Uendel,Cristian,Bruno Henrique,Giovanni Augusto,Marquinhos Gabriel,Guilherme,Luciano,Lucca,Rodriguinho,André,,,,,,,,,
71,V,CORINTHIANS,2,1,CORITIBA,04/06/2016,BRASILEIRO,Walter,Fagner,Pedro Henrique,Felipe,Uendel,Cristian,Bruno Henrique,Marlone,Marquinhos Gabriel,Guilherme,Luciano,Giovanni Augusto,Danilo,André,,,,,,,,,
72,V,CORINTHIANS,3,1,BOTAFOGO,19/06/2016,BRASILEIRO,Cássio,Fagner,Balbuena,Pedro Henrique,Uendel,Bruno Henrique,Guilherme,Rodriguinho,Marquinhos Gabriel,Romero,Lucca,Caíque França,André,Willians,,,,,,,,,
73,V,CORINTHIANS,2,1,SANTA CRUZ,25/06/2016,BRASILEIRO,Cássio,Fagner,Balbuena,Pedro Henrique,Uendel,Bruno Henrique,Giovanni Augusto,Rodriguinho,Marquinhos Gabriel,Romero,Luciano,Lucca,Guilherme,Willians,,,,,,,,,
74,V,CORINTHIANS,4,0,FLAMENGO,03/07/2016,BRASILEIRO,Cássio,Fagner,Balbuena,Pedro Henrique,Uendel,Bruno Henrique,Giovanni Augusto,Rodriguinho,Marquinhos Gabriel,Romero,Luciano,Guilherme,Rildo,Maycon,,,,,,,,,
75,E,CORINTHIANS,1,1,SÃO PAULO,17/07/2016,BRASILEIRO,Cássio,Fagner,Balbuena,Yago,Uendel,Bruno Henrique,Giovanni Augusto,Rodriguinho,Marquinhos Gabriel,Danilo,Romero,Elias,Guilherme,Rildo,,,,,,,,,
76,E,CORINTHIANS,1,1,FIGUEIRENSE,23/07/2016,BRASILEIRO,Cássio,Léo Príncipe,Balbuena,Yago,Uendel,Bruno Henrique,Giovanni Augusto,Rodriguinho,Marquinhos Gabriel,Romero,André,Elias,Danilo,Guilherme,,,,,,,,,
77,V,CORINTHIANS,2,1,VITÓRIA,22/08/2016,BRASILEIRO,Cássio,Fagner,Balbuena,Yago,Uendel,Bruno Henrique,Elias,Rodriguinho,Marquinhos Gabriel,Guilherme,Romero,Marlone,Cristian,Giovanni Augusto,,,,,,,,,
78,V,CORINTHIANS,3,0,SPORT,08/09/2016,BRASILEIRO,Cássio,Léo Príncipe,Yago,Vilson,Uendel,Cristian,Camacho,Giovanni Augusto,Rodriguinho,Marlone,Lucca,Gustavo,Willians,Jean,,,,,,,,,
79,D,CORINTHIANS,0,2,PALMEIRAS,17/09/2016,BRASILEIRO,Cássio,Léo Príncipe,Balbuena,Vilson,Guilherme Arana,Cristian,Camacho,Rodriguinho,Marlone,Lucca,Gustavo,Romero,Marquinhos Gabriel,,,,,,,,,,
80,V,CORINTHIANS,1,0,FLUMINENSE,21/09/2016,COPA DO BRASIL,Cássio,Fagner,Balbuena,Yago,Guilherme Arana,Camacho,Giovanni Augusto,Rodriguinho,Marquinhos Gabriel,Marlone,Romero,Willians,Cristian,Lucca,,,,,,,,,
81,D,CORINTHIANS,0,1,FLUMINENSE,25/09/2016,BRASILEIRO,Walter,Fagner,Balbuena,Yago,Guilherme Arana,Camacho,Giovanni Augusto,Rodriguinho,Marquinhos Gabriel,Marlone,Romero,Lucca,Gustavo,,,,,,,,,,
82,V,CORINTHIANS,2,1,CRUZEIRO,28/09/2016,COPA DO BRASIL,Walter,Fagner,Balbuena,Yago,Guilherme Arana,Camacho,Giovanni Augusto,Rodriguinho,Marquinhos Gabriel,Marlone,Romero,Willians,Lucca,Rildo,,,,,,,,,
83,E,CORINTHIANS,0,0,ATLÉTICO (MG),05/10/2016,BRASILEIRO,Walter,Léo Príncipe,Balbuena,Yago,Guilherme Arana,Camacho,Giovanni Augusto,Rodriguinho,Marquinhos Gabriel,Marlone,Gustavo,Pedro Henrique,Rildo,Lucca,,,,,,,,,
84,V,CORINTHIANS,2,0,AMÉRICA (MG),16/10/2016,BRASILEIRO,Walter,Fagner,Balbuena,Pedro Henrique,Uendel,Willians,Giovanni Augusto,Rodriguinho,Guilherme,Marlone,Romero,Rildo,Lucca,Marciel,,,,,,,,,
85,E,CORINTHIANS,1,1,CHAPECOENSE,29/10/2016,BRASILEIRO,Walter,Fagner,Vilson,Pedro Henrique,Uendel,Camacho,Giovanni Augusto,Rodriguinho,Marquinhos Gabriel,Marlone,Romero,Cássio,Lucca,Rildo,,,,,,,,,
86,V,CORINTHIANS,1,0,INTERNACIONAL,21/11/2016,BRASILEIRO,Walter,Fagner,Balbuena,Vilson,Guilherme Arana,Cristian,Camacho,Uendel,Marquinhos Gabriel,Marlone,Romero,Marciel,Jean,Léo Jabá,,,,,,,,,
87,E,CORINTHIANS,0,0,ATHLETICO,26/11/2016,BRASILEIRO,Walter,Fagner,Balbuena,Vilson,Uendel,Cristian,Camacho,Rodriguinho,Marquinhos Gabriel,Marlone,Romero,Lucca,Giovanni Augusto,Gustavo,,,,,,,,,
88,V,CORINTHIANS,1,0,FERROVIÁRIA,01/02/2017,AMISTOSO,Cássio,Fagner,Balbuena,Pablo,Moisés,Gabriel,Fellipe Bastos,Giovanni Augusto,Guilherme,Marlone,Jô,Caíque França,Léo Príncipe,Vilson,Cristian,Pedro Henrique,Paulo Roberto,Marciel,Camacho,Marquinhos Gabriel,Romero,Bruno Paulo,
89,D,CORINTHIANS,0,2,SANTO ANDRÉ,11/02/2017,PAULISTA,Cássio,Fagner,Balbuena,Pablo,Moisés,Gabriel,Fellipe Bastos,Rodriguinho,Marquinhos Gabriel,Marlone,Jô,Guilherme,Kazim,Romero,,,,,,,,,
90,V,CORINTHIANS,1,0,GRÊMIO NOVORIZONTINO,15/02/2017,PAULISTA,Cássio,Fagner,Balbuena,Pablo,Moisés,Gabriel,Fellipe Bastos,Rodriguinho,Marlone,Romero,Jô,Léo Jabá,Kazim,Camacho,,,,,,,,,
91,V,CORINTHIANS,1,0,PALMEIRAS,22/02/2017,PAULISTA,Cássio,Fagner,Balbuena,Pablo,Guilherme Arana,Gabriel,Maycon,Rodriguinho,Léo Jabá,Romero,Kazim,Moisés,Jô,Paulo Roberto,,,,,,,,,
92,V,CORINTHIANS,1,0,SANTOS,04/03/2017,PAULISTA,Cássio,Fagner,Balbuena,Pablo,Guilherme Arana,Gabriel,Maycon,Rodriguinho,Jadson,Romero,Jô,Léo Jabá,Kazim,Giovanni Augusto,,,,,,,,,
93,E,CORINTHIANS,1,1,LUVERDENSE,16/03/2017,COPA DO BRASIL,Cássio,Fagner,Pedro Henrique,Pablo,Guilherme Arana,Gabriel,Maycon,Rodriguinho,Jadson,Romero,Jô,Marlone,Kazim,Giovanni Augusto,,,,,,,,,
94,E,CORINTHIANS,1,1,RED BULL,23/03/2017,PAULISTA,Cássio,Léo Príncipe,Pedro Henrique,Pablo,Guilherme Arana,Gabriel,Maycon,Rodriguinho,Pedrinho,Léo Jabá,Jô,Fellipe Bastos,Guilherme,Marciel,,,,,,,,,
95,V,CORINTHIANS,3,1,LINENSE,29/03/2017,PAULISTA,Caíque França,Léo Príncipe,Balbuena,Pedro Henrique,Guilherme Arana,Gabriel,Camacho,Jadson,Pedrinho,Léo Jabá,Jô,Romero,Marciel,Fellipe Bastos,,,,,,,,,
96,V,CORINTHIANS,2,0,UNIVERSIDAD DE CHILE,05/04/2017,SULAMERICANA,Cássio,Léo Príncipe,Balbuena,Pablo,Guilherme Arana,Gabriel,Maycon,Jadson,Rodriguinho,Romero,Jô,Clayton,Pedrinho,Camacho,,,,,,,,,
97,V,CORINTHIANS,1,0,BOTAFOGO (SP),09/04/2017,PAULISTA,Cássio,Fagner,Balbuena,Pablo,Guilherme Arana,Gabriel,Maycon,Jadson,Rodriguinho,Romero,Jô,Clayton,Marquinhos Gabriel,Pedrinho,,,,,,,,,
98,E,CORINTHIANS,1,1,INTERNACIONAL,19/04/2017,COPA DO BRASIL,Cássio,Fagner,Balbuena,Pablo,Guilherme Arana,Gabriel,Maycon,Jadson,Rodriguinho,Romero,Jô,Clayton,Marquinhos Gabriel,,,,,,,,,,
99,E,CORINTHIANS,1,1,SÃO PAULO,23/04/2017,PAULISTA,Cássio,Fagner,Balbuena,Pablo,Guilherme Arana,Gabriel,Maycon,Jadson,Rodriguinho,Romero,Jô,Léo Jabá,Moisés,Kazim,,,,,,,,,
100,E,CORINTHIANS,1,1,PONTE PRETA,07/05/2017,PAULISTA,Cássio,Fagner,Balbuena,Pablo,Guilherme Arana,Paulo Roberto,Maycon,Camacho,Jadson,Romero,Jô,Clayton,Pedrinho,Léo Jabá,,,,,,,,,
101,E,CORINTHIANS,1,1,CHAPECOENSE,13/05/2017,BRASILEIRO,Cássio,Fagner,Balbuena,Pablo,Guilherme Arana,Gabriel,Maycon,Jadson,Rodriguinho,Romero,Jô,Pedro Henrique,Léo Jabá,Kazim,,,,,,,,,
102,V,CORINTHIANS,2,0,SANTOS,03/06/2017,BRASILEIRO,Cássio,Fagner,Pedro Henrique,Pablo,Guilherme Arana,Gabriel,Maycon,Jadson,Rodriguinho,Romero,Jô,Camacho,Clayson,Fellipe Bastos,,,,,,,,,
103,V,CORINTHIANS,3,2,SÃO PAULO,11/06/2017,BRASILEIRO,Cássio,Paulo Roberto,Balbuena,Pablo,Guilherme Arana,Gabriel,Maycon,Jadson,Marquinhos Gabriel,Romero,Jô,Clayson,Clayton,Camacho,,,,,,,,,
104,V,CORINTHIANS,1,0,CRUZEIRO,14/06/2017,BRASILEIRO,Cássio,Paulo Roberto,Balbuena,Pablo,Guilherme Arana,Gabriel,Maycon,Jadson,Marquinhos Gabriel,Romero,Jô,Clayson,Giovanni Augusto,Camacho,,,,,,,,,
105,V,CORINTHIANS,3,0,BAHIA,22/06/2017,BRASILEIRO,Cássio,Fagner,Balbuena,Pablo,Guilherme Arana,Gabriel,Maycon,Jadson,Rodriguinho,Romero,Jô,Marquinhos Gabriel,Camacho,Kazim,,,,,,,,,
106,V,CORINTHIANS,1,0,BOTAFOGO,02/07/2017,BRASILEIRO,Cássio,Fagner,Balbuena,Pablo,Guilherme Arana,Gabriel,Maycon,Jadson,Rodriguinho,Clayson,Jô,Marquinhos Gabriel,Pedrinho,Camacho,,,,,,,,,
107,V,CORINTHIANS,2,0,PONTE PRETA,08/07/2017,BRASILEIRO,Cássio,Léo Príncipe,Balbuena,Pablo,Guilherme Arana,Gabriel,Maycon,Jadson,Rodriguinho,Romero,Jô,Kazim,Camacho,Pedrinho,,,,,,,,,
108,E,CORINTHIANS,2,2,ATHLETICO,15/07/2017,BRASILEIRO,Cássio,Fagner,Balbuena,Pedro Henrique,Moisés,Gabriel,Maycon,Jadson,Marquinhos Gabriel,Romero,Jô,Pedrinho,Clayson,,,,,,,,,,
109,V,CORINTHIANS,2,0,PATRIOTAS,26/07/2017,SULAMERICANA,Cássio,Léo Príncipe,Balbuena,Pedro Henrique,Guilherme Arana,Gabriel,Maycon,Giovanni Augusto,Marquinhos Gabriel,Clayton,Kazim,Pedrinho,Jô,Camacho,,,,,,,,,
110,E,CORINTHIANS,1,1,FLAMENGO,30/07/2017,BRASILEIRO,Cássio,Fagner,Balbuena,Pedro Henrique,Guilherme Arana,Gabriel,Maycon,Rodriguinho,Marquinhos Gabriel,Clayson,Jô,Giovanni Augusto,Pedrinho,Camacho,,,,,,,,,
111,V,CORINTHIANS,3,1,SPORT,05/08/2017,BRASILEIRO,Cássio,Fagner,Balbuena,Pedro Henrique,Guilherme Arana,Gabriel,Maycon,Rodriguinho,Romero,Clayson,Jô,Pedrinho,Camacho,Léo Príncipe,,,,,,,,,
112,D,CORINTHIANS,0,1,VITÓRIA,19/08/2017,BRASILEIRO,Cássio,Fagner,Balbuena,Pedro Henrique,Guilherme Arana,Gabriel,Maycon,Rodriguinho,Romero,Clayson,Jô,Moisés,Marquinhos Gabriel,Jadson,,,,,,,,,
113,D,CORINTHIANS,0,1,ATLÉTICO (GO),26/08/2017,BRASILEIRO,Cássio,Fagner,Pedro Henrique,Pablo,Moisés,Gabriel,Maycon,Jadson,Rodriguinho,Clayson,Kazim,Camacho,Marquinhos Gabriel,Carlinhos,,,,,,,,,
114,E,CORINTHIANS,1,1,RACING,13/09/2017,SULAMERICANA,Cássio,Fagner,Balbuena,Pablo,Marciel,Gabriel,Maycon,Jadson,Rodriguinho,Romero,Jô,Camacho,Giovanni Augusto,Fellipe Bastos,,,,,,,,,
115,V,CORINTHIANS,1,0,VASCO DA GAMA,17/09/2017,BRASILEIRO,Cássio,Fagner,Balbuena,Pablo,Guilherme Arana,Camacho,Maycon,Jadson,Rodriguinho,Romero,Jô,Marquinhos Gabriel,Giovanni Augusto,Kazim,,,,,,,,,
116,V,CORINTHIANS,3,1,CORITIBA,11/10/2017,BRASILEIRO,Cássio,Léo Príncipe,Balbuena,Pedro Henrique,Guilherme Arana,Camacho,Maycon,Jadson,Marquinhos Gabriel,Rodriguinho,Jô,Clayson,Fellipe Bastos,Kazim,,,,,,,,,
117,E,CORINTHIANS,0,0,GRÊMIO,18/10/2017,BRASILEIRO,Cássio,Fagner,Balbuena,Pedro Henrique,Guilherme Arana,Gabriel,Maycon,Jadson,Rodriguinho,Romero,Jô,Clayson,Marquinhos Gabriel,Fellipe Bastos,,,,,,,,,
118,V,CORINTHIANS,3,2,PALMEIRAS,05/11/2017,BRASILEIRO,Cássio,Fagner,Balbuena,Pablo,Guilherme Arana,Gabriel,Camacho,Rodriguinho,Romero,Clayson,Jô,Maycon,Fellipe Bastos,Jadson,,,,,,,,,
119,V,CORINTHIANS,1,0,AVAÍ,11/11/2017,BRASILEIRO,Caíque França,Fagner,Balbuena,Pablo,Guilherme Arana,Gabriel,Camacho,Rodriguinho,Romero,Clayson,Kazim,Jadson,Maycon,Marquinhos Gabriel,,,,,,,,,
120,V,CORINTHIANS,3,1,FLUMINENSE,15/11/2017,BRASILEIRO,Caíque França,Fagner,Pedro Henrique,Pablo,Guilherme Arana,Gabriel,Camacho,Rodriguinho,Romero,Clayson,Jô,Jadson,Maycon,Danilo,,,,,,,,,
121,E,CORINTHIANS,2,2,ATLÉTICO (MG),26/11/2017,BRASILEIRO,Cássio,Fagner,Balbuena,Pedro Henrique,Guilherme Arana,Gabriel,Camacho,Jadson,Rodriguinho,Clayson,Jô,Marquinhos Gabriel,Maycon,Pedrinho,,,,,,,,,
122,D,CORINTHIANS,0,1,SÃO BENTO,14/02/2018,PAULISTA,Cássio,Fagner,Balbuena,Henrique,Juninho Capixaba,Gabriel,Jadson,Rodriguinho,Marquinhos Gabriel,Romero,Júnior Dutra,Camacho,Clayson,Danilo,,,,,,,,,
123,V,CORINTHIANS,2,0,PALMEIRAS,24/02/2018,PAULISTA,Cássio,Fagner,Balbuena,Henrique,Renê Júnior,Gabriel,Maycon,Jadson,Rodriguinho,Romero,Clayson,Mateus Vital,Júnior Dutra,Lucca,,,,,,,,,
124,V,CORINTHIANS,1,0,MIRASSOL,07/03/2018,PAULISTA,Cássio,Fagner,Balbuena,Henrique,Sidcley,Ralf,Maycon,Jadson,Rodriguinho,Lucca,Clayson,Emerson,Pedrinho,Mateus Vital,,,,,,,,,
125,V,CORINTHIANS,2,0,DEPORTIVO LARA,14/03/2018,LIBERTADORES,Cássio,Fagner,Balbuena,Henrique,Sidcley,Gabriel,Maycon,Rodriguinho,Romero,Emerson,Clayson,Mateus Vital,Júnior Dutra,Pedrinho,,,,,,,,,
126,V,CORINTHIANS,2,0,BRAGANTINO,22/03/2018,PAULISTA,Cássio,Mantuan,Balbuena,Henrique,Sidcley,Ralf,Maycon,Rodriguinho,Mateus Vital,Clayson,Júnior Dutra,Pedrinho,Romero,,,,,,,,,,
127,V,CORINTHIANS,1,0,SÃO PAULO,28/03/2018,PAULISTA,Cássio,Fagner,Pedro Henrique,Henrique,Sidcley,Gabriel,Maycon,Rodriguinho,Mateus Vital,Clayson,Emerson,Pedrinho,Mantuan,Danilo,,,,,,,,,
128,D,CORINTHIANS,0,1,PALMEIRAS,31/03/2018,PAULISTA,Cássio,Fagner,Balbuena,Henrique,Sidcley,Gabriel,Maycon,Rodriguinho,Mateus Vital,Clayson,Emerson,Romero,Pedrinho,Danilo,,,,,,,,,
129,V,CORINTHIANS,2,1,FLUMINENSE,15/04/2018,BRASILEIRO,Cássio,Fagner,Balbuena,Henrique,Sidcley,Ralf,Renê Júnior,Rodriguinho,Mateus Vital,Romero,Clayson,Emerson,Maycon,Pedrinho,,,,,,,,,
130,D,CORINTHIANS,1,2,INDEPENDIENTE,02/05/2018,LIBERTADORES,Cássio,Mantuan,Balbuena,Henrique,Sidcley,Gabriel,Maycon,Jadson,Mateus Vital,Rodriguinho,Romero,Marquinhos Gabriel,Pedrinho,Emerson,,,,,,,,,
131,E,CORINTHIANS,1,1,CEARÁ,06/05/2018,BRASILEIRO,Cássio,Mantuan,Pedro Henrique,Henrique,Sidcley,Gabriel,Maycon,Danilo,Marquinhos Gabriel,Pedrinho,Roger,Jadson,Mateus Vital,Emerson,,,,,,,,,
132,V,CORINTHIANS,3,1,VITÓRIA,10/05/2018,COPA DO BRASIL,Cássio,Mantuan,Balbuena,Henrique,Sidcley,Gabriel,Maycon,Jadson,Rodriguinho,Pedrinho,Romero,Emerson,Mateus Vital,Paulo Roberto,,,,,,,,,
133,V,CORINTHIANS,1,0,PALMEIRAS,13/05/2018,BRASILEIRO,Cássio,Mantuan,Balbuena,Henrique,Sidcley,Gabriel,Maycon,Jadson,Rodriguinho,Pedrinho,Romero,Mateus Vital,Roger,Júnior Dutra,,,,,,,,,
134,D,CORINTHIANS,0,1,MILLONARIOS,24/05/2018,LIBERTADORES,Walter,Mantuan,Balbuena,Henrique,Sidcley,Gabriel,Maycon,Jadson,Rodriguinho,Pedrinho,Romero,Mateus Vital,Marquinhos Gabriel,Júnior Dutra,,,,,,,,,
135,V,CORINTHIANS,1,0,AMÉRICA (MG),31/05/2018,BRASILEIRO,Walter,Mantuan,Balbuena,Henrique,Sidcley,Gabriel,Paulo Roberto,Jadson,Mateus Vital,Rodriguinho,Pedrinho,Júnior Dutra,Roger,Marquinhos Gabriel,,,,,,,,,
136,E,CORINTHIANS,1,1,SANTOS,06/06/2018,BRASILEIRO,Walter,Mantuan,Balbuena,Henrique,Sidcley,Gabriel,Maycon,Rodriguinho,Pedrinho,Romero,Roger,Emerson,Mateus Vital,,,,,,,,,,
137,E,CORINTHIANS,0,0,VITÓRIA,09/06/2018,BRASILEIRO,Walter,Mantuan,Pedro Henrique,Henrique,Sidcley,Gabriel,Maycon,Rodriguinho,Mateus Vital,Pedrinho,Roger,Marquinhos Gabriel,Emerson,Matheus Matias,,,,,,,,,
138,V,CORINTHIANS,2,1,GRÊMIO,08/07/2018,AMISTOSO,Walter,Mantuan,Pedro Henrique,Henrique,Danilo Avelar,Gabriel,Renê Júnior,Rodriguinho,Pedrinho,Romero,Roger,Caíque França,Rodrigo Figueiredo,Marllon,Léo Santos,Juninho Capixaba,Ralf,Thiaguinho,Danilo,Marquinhos Gabriel,Mateus Vital,Matheus Matias,Carlos Augusto
139,E,CORINTHIANS,2,2,CRUZEIRO,11/07/2018,AMISTOSO,Cássio,Mantuan,Pedro Henrique,Henrique,Danilo Avelar,Gabriel,Renê Júnior,Rodriguinho,Mateus Vital,Romero,Matheus Matias,Paulo Roberto,Juninho Capixaba,Léo Santos,Jadson,Marquinhos Gabriel,Rodrigo Figueiredo,Pedrinho,Roger,,,,
140,V,CORINTHIANS,2,0,BOTAFOGO,18/07/2018,BRASILEIRO,Cássio,Fagner,Pedro Henrique,Henrique,Danilo Avelar,Gabriel,Renê Júnior,Rodriguinho,Mateus Vital,Romero,Roger,Marquinhos Gabriel,Jonathas,Paulo Roberto,,,,,,,,,
141,V,CORINTHIANS,2,0,CRUZEIRO,25/07/2018,BRASILEIRO,Cássio,Fagner,Léo Santos,Henrique,Danilo Avelar,Gabriel,Douglas,Jadson,Clayson,Romero,Jonathas,Pedrinho,Mateus Vital,Paulo Roberto,,,,,,,,,
142,V,CORINTHIANS,1,0,CHAPECOENSE,01/08/2018,COPA DO BRASIL,Cássio,Fagner,Pedro Henrique,Henrique,Danilo Avelar,Gabriel,Douglas,Jadson,Mateus Vital,Pedrinho,Romero,Araos,Emerson,Marquinhos Gabriel,,,,,,,,,
143,E,CORINTHIANS,0,0,ATHLETICO,04/08/2018,BRASILEIRO,Cássio,Léo Santos,Pedro Henrique,Henrique,Carlos Augusto,Douglas,Thiaguinho,Jadson,Pedrinho,Romero,Clayson,Mateus Vital,Araos,Danilo,,,,,,,,,
144,D,CORINTHIANS,0,1,GRÊMIO,18/08/2018,BRASILEIRO,Walter,Fagner,Pedro Henrique,Henrique,Danilo Avelar,Gabriel,Ralf,Jadson,Pedrinho,Araos,Romero,Jonathas,Mateus Vital,Emerson,,,,,,,,,
145,V,CORINTHIANS,1,0,PARANÁ,25/08/2018,BRASILEIRO,Cássio,Fagner,Pedro Henrique,Henrique,Danilo Avelar,Ralf,Douglas,Jadson,Pedrinho,Clayson,Roger,Walter,Mateus Vital,Araos,,,,,,,,,
146,V,CORINTHIANS,2,1,COLO COLO,29/08/2018,LIBERTADORES,Cássio,Fagner,Pedro Henrique,Henrique,Danilo Avelar,Ralf,Douglas,Jadson,Pedrinho,Romero,Roger,Léo Santos,Mateus Vital,Emerson,,,,,,,,,
147,E,CORINTHIANS,1,1,ATLÉTICO (MG),01/09/2018,BRASILEIRO,Walter,Mantuan,Léo Santos,Marllon,Danilo Avelar,Gabriel,Ralf,Pedrinho,Araos,Romero,Roger,Danilo,Mateus Vital,Rodrigo Figueiredo,,,,,,,,,
148,V,CORINTHIANS,2,1,SPORT,16/09/2018,BRASILEIRO,Cássio,Paulo Roberto,Léo Santos,Henrique,Danilo Avelar,Ralf,Douglas,Jadson,Romero,Clayson,Roger,Mateus Vital,Pedrinho,Gabriel,,,,,,,,,
149,E,CORINTHIANS,1,1,INTERNACIONAL,23/09/2018,BRASILEIRO,Cássio,Fagner,Léo Santos,Henrique,Danilo Avelar,Gabriel,Douglas,Jadson,Mateus Vital,Romero,Clayson,Pedrinho,Araos,Emerson,,,,,,,,,
150,V,CORINTHIANS,2,1,FLAMENGO,26/09/2018,COPA DO BRASIL,Cássio,Fagner,Léo Santos,Henrique,Danilo Avelar,Ralf,Douglas,Jadson,Mateus Vital,Romero,Clayson,Gabriel,Pedrinho,Araos,,,,,,,,,
151,D,CORINTHIANS,0,3,FLAMENGO,05/10/2018,BRASILEIRO,Cássio,Gabriel,Léo Santos,Henrique,Danilo Avelar,Ralf,Douglas,Jadson,Mateus Vital,Romero,Clayson,Pedrinho,Emerson,Danilo,,,,,,,,,
152,D,CORINTHIANS,1,2,CRUZEIRO,17/10/2018,COPA DO BRASIL,Cássio,Fagner,Léo Santos,Henrique,Danilo Avelar,Gabriel,Ralf,Jadson,Romero,Emerson,Jonathas,Pedrinho,Clayson,Mateus Vital,,,,,,,,,
153,V,CORINTHIANS,2,1,BAHIA,27/10/2018,BRASILEIRO,Cássio,Fagner,Léo Santos,Henrique,Danilo Avelar,Ralf,Douglas,Pedrinho,Sergio Díaz,Romero,Emerson,Danilo,Mateus Vital,Araos,,,,,,,,,
154,E,CORINTHIANS,1,1,SÃO PAULO,10/11/2018,BRASILEIRO,Cássio,Fagner,Léo Santos,Henrique,Carlos Augusto,Ralf,Araos,Jadson,Pedrinho,Danilo,Romero,Thiaguinho,Roger,Clayson,,,,,,,,,
155,V,CORINTHIANS,1,0,VASCO DA GAMA,17/11/2018,BRASILEIRO,Cássio,Fagner,Léo Santos,Henrique,Danilo Avelar,Ralf,Thiaguinho,Jadson,Mateus Vital,Pedrinho,Danilo,Clayson,Roger,Araos,,,,,,,,,
156,E,CORINTHIANS,0,0,CHAPECOENSE,25/11/2018,BRASILEIRO,Cássio,Fagner,Léo Santos,Henrique,Carlos Augusto,Ralf,Thiaguinho,Jadson,Mateus Vital,Pedrinho,Romero,Danilo,Rafael Bilu,Emerson,,,,,,,,,
157,E,CORINTHIANS,1,1,SANTOS,13/01/2019,AMISTOSO,Cássio,Fagner,Pedro Henrique,Henrique,Danilo Avelar,Richard,Ramiro,Jadson,André Luis,Sornoza,Gustavo,Walter,Michel,Marllon,Léo Santos,Douglas,Thiaguinho,Araos,Marquinhos,Mateus Vital,Gustavo Silva,Roger,
158,E,CORINTHIANS,1,1,SÃO CAETANO,20/01/2019,PAULISTA,Cássio,Fagner,Marllon,Henrique,Danilo Avelar,Richard,Ramiro,Jadson,André Luis,Sornoza,Gustavo,Pedrinho,Gustavo Silva,Mateus Vital,,,,,,,,,
159,V,CORINTHIANS,1,0,PONTE PRETA,26/01/2019,PAULISTA,Cássio,Léo Santos,Pedro Henrique,Marllon,Danilo Avelar,Thiaguinho,Araos,Mateus Vital,Gustavo Silva,Pedrinho,Gustavo,Jadson,Boselli,Fagner,,,,,,,,,
160,D,CORINTHIANS,0,2,RED BULL,30/01/2019,PAULISTA,Cássio,Fagner,Manoel,Henrique,Léo Santos,Ralf,Thiaguinho,Ramiro,Mateus Vital,Jadson,Boselli,Danilo Avelar,Pedrinho,Gustavo,,,,,,,,,
161,E,CORINTHIANS,1,1,RACING,14/02/2019,SULAMERICANA,Cássio,Fagner,Manoel,Henrique,Carlos Augusto,Ralf,Ramiro,Jadson,Sornoza,Gustavo,Vagner Love,Clayson,Sergio Díaz,Pedrinho,,,,,,,,,
162,V,CORINTHIANS,2,1,SÃO PAULO,17/02/2019,PAULISTA,Cássio,Fagner,Manoel,Henrique,Danilo Avelar,Ralf,Júnior Urso,Sornoza,Pedrinho,Clayson,Gustavo,Vagner Love,Mateus Vital,Richard,,,,,,,,,
163,V,CORINTHIANS,4,2,AVENIDA,20/02/2019,COPA DO BRASIL,Cássio,Fagner,Manoel,Henrique,Danilo Avelar,Ralf,Júnior Urso,Sornoza,Pedrinho,Clayson,Gustavo,Vagner Love,Sergio Díaz,Boselli,,,,,,,,,
164,E,CORINTHIANS,0,0,SANTOS,10/03/2019,PAULISTA,Cássio,Fagner,Manoel,Henrique,Danilo Avelar,Ralf,Júnior Urso,Sornoza,Pedrinho,Clayson,Boselli,Vagner Love,André Luis,Mateus Vital,,,,,,,,,
165,V,CORINTHIANS,1,0,OESTE,17/03/2019,PAULISTA,Cássio,Michel,Manoel,Henrique,Danilo Avelar,Ralf,Júnior Urso,Sornoza,Pedrinho,Vagner Love,Boselli,Jadson,Richard,Clayson,,,,,,,,,
166,E,CORINTHIANS,1,1,FERROVIÁRIA,27/03/2019,PAULISTA,Cássio,Michel,Manoel,Henrique,Danilo Avelar,Ralf,Júnior Urso,Jadson,Clayson,Vagner Love,Gustavo,Sornoza,Pedrinho,Boselli,,,,,,,,,
167,V,CORINTHIANS,2,1,SANTOS,31/03/2019,PAULISTA,Cássio,Fagner,Manoel,Henrique,Danilo Avelar,Ralf,Júnior Urso,Sornoza,Clayson,Vagner Love,Gustavo,Pedrinho,Richard,Mateus Vital,,,,,,,,,
168,D,CORINTHIANS,0,1,CEARÁ,03/04/2019,COPA DO BRASIL,Cássio,Fagner,Marllon,Henrique,Danilo Avelar,Ralf,Júnior Urso,Sornoza,Clayson,Vagner Love,Gustavo,Walter,Ramiro,Boselli,,,,,,,,,
169,V,CORINTHIANS,2,1,SÃO PAULO,21/04/2019,PAULISTA,Cássio,Fagner,Manoel,Henrique,Danilo Avelar,Ralf,Ramiro,Sornoza,Pedrinho,Clayson,Gustavo,Vagner Love,Boselli,Pedrinho,,,,,,,,,
170,V,CORINTHIANS,2,0,CHAPECOENSE,24/04/2019,COPA DO BRASIL,Cássio,Fagner,Manoel,Pedro Henrique,Carlos Augusto,Ralf,Ramiro,Sornoza,Pedrinho,Clayson,Boselli,Vagner Love,Mateus Vital,Michel,,,,,,,,,
171,V,CORINTHIANS,1,0,CHAPECOENSE,01/05/2019,BRASILEIRO,Cássio,Fagner,Manoel,Pedro Henrique,Carlos Augusto,Ralf,Ramiro,Sornoza,Pedrinho,Clayson,Boselli,Vagner Love,Janderson,Mateus Vital,,,,,,,,,
172,E,CORINTHIANS,0,0,GRÊMIO,11/05/2019,BRASILEIRO,Cássio,Fagner,Manoel,Henrique,Danilo Avelar,Ralf,Ramiro,Sornoza,Mateus Vital,Clayson,Boselli,Vagner Love,Júnior Urso,Régis,,,,,,,,,
173,D,CORINTHIANS,0,1,FLAMENGO,15/05/2019,COPA DO BRASIL,Cássio,Fagner,Manoel,Henrique,Danilo Avelar,Ralf,Sornoza,Mateus Vital,Clayson,Vagner Love,Boselli,Pedrinho,Jadson,Júnior Urso,,,,,,,,,
174,V,CORINTHIANS,2,0,DEPORTIVO LARA,23/05/2019,SULAMERICANA,Cássio,Fagner,Marllon,Henrique,Danilo Avelar,Ralf,Júnior Urso,Jadson,Pedrinho,Clayson,Vagner Love,Gustavo,Sornoza,Régis,,,,,,,,,
175,V,CORINTHIANS,1,0,SÃO PAULO,26/05/2019,BRASILEIRO,Cássio,Fagner,Manoel,Henrique,Danilo Avelar,Ralf,Júnior Urso,Sornoza,Pedrinho,Clayson,Vagner Love,Mateus Vital,Gustavo,Ramiro,,,,,,,,,
176,V,CORINTHIANS,1,0,CSA,14/07/2019,BRASILEIRO,Cássio,Fagner,Manoel,Gil,Danilo Avelar,Ralf,Júnior Urso,Sornoza,Pedrinho,Clayson,Vagner Love,Régis,Boselli,Gabriel,,,,,,,,,
177,E,CORINTHIANS,1,1,FLAMENGO,21/07/2019,BRASILEIRO,Cássio,Fagner,Manoel,Gil,Danilo Avelar,Gabriel,Júnior Urso,Sornoza,Pedrinho,Clayson,Vagner Love,Everaldo,Mateus Vital,Boselli,,,,,,,,,
178,V,CORINTHIANS,2,0,MONTEVIDEO WANDERERS,25/07/2019,SULAMERICANA,Cássio,Fagner,Manoel,Gil,Danilo Avelar,Gabriel,Júnior Urso,Sornoza,Pedrinho,Clayson,Vagner Love,Jadson,Mateus Vital,Boselli,,,,,,,,,
179,E,CORINTHIANS,1,1,PALMEIRAS,04/08/2019,BRASILEIRO,Cássio,Fagner,Manoel,Gil,Danilo Avelar,Gabriel,Júnior Urso,Sornoza,Pedrinho,Clayson,Vagner Love,Mateus Vital,Matheus Jesus,Everaldo,,,,,,,,,
180,V,CORINTHIANS,2,0,GOIÁS,07/08/2019,BRASILEIRO,Cássio,Fagner,Manoel,Gil,Carlos Augusto,Gabriel,Júnior Urso,Mateus Vital,Pedrinho,Clayson,Boselli,Jadson,Everaldo,Matheus Jesus,,,,,,,,,
181,V,CORINTHIANS,2,0,BOTAFOGO,17/08/2019,BRASILEIRO,Walter,Fagner,Manoel,Gil,Carlos Augusto,Gabriel,Júnior Urso,Mateus Vital,Pedrinho,Everaldo,Boselli,Gustavo,Clayson,Jadson,,,,,,,,,
182,E,CORINTHIANS,0,0,FLUMINENSE,22/08/2019,SULAMERICANA,Cássio,Fagner,Manoel,Gil,Danilo Avelar,Gabriel,Júnior Urso,Mateus Vital,Pedrinho,Clayson,Vagner Love,Jadson,Boselli,Gustavo,,,,,,,,,
183,V,CORINTHIANS,1,0,ATLÉTICO (MG),01/09/2019,BRASILEIRO,Cássio,Fagner,Manoel,Gil,Danilo Avelar,Ralf,Júnior Urso,Mateus Vital,Pedrinho,Clayson,Vagner Love,Jadson,Gustavo,Janderson,,,,,,,,,
184,E,CORINTHIANS,2,2,CEARÁ,07/09/2019,BRASILEIRO,Cássio,Michel,Manoel,Gil,Danilo Avelar,Gabriel,Júnior Urso,Jadson,Mateus Vital,Clayson,Vagner Love,Carlos Augusto,Gustavo,Ramiro,,,,,,,,,
185,D,CORINTHIANS,0,2,INDEPENDIENTE DEL VALLE,18/09/2019,SULAMERICANA,Cássio,Fagner,Manoel,Gil,Danilo Avelar,Gabriel,Júnior Urso,Mateus Vital,Pedrinho,Clayson,Vagner Love,Matheus Jesus,Gustavo,Janderson,,,,,,,,,
186,V,CORINTHIANS,2,1,BAHIA,21/09/2019,BRASILEIRO,Cássio,Fagner,Manoel,Gil,Carlos Augusto,Ralf,Ramiro,Sornoza,Pedrinho,Clayson,Vagner Love,Jadson,Janderson,Gustavo,,,,,,,,,
187,V,CORINTHIANS,1,0,VASCO DA GAMA,29/09/2019,BRASILEIRO,Cássio,Fagner,Manoel,Gil,Danilo Avelar,Ralf,Ramiro,Sornoza,Pedrinho,Clayson,Boselli,Jadson,Mateus Vital,Gustavo,,,,,,,,,
188,E,CORINTHIANS,2,2,ATHLETICO,10/10/2019,BRASILEIRO,Cássio,Fagner,Manoel,Gil,Danilo Avelar,Ralf,Ramiro,Mateus Vital,Clayson,Vagner Love,Boselli,Renê Júnior,Gustavo,Régis,,,,,,,,,
189,D,CORINTHIANS,1,2,CRUZEIRO,19/10/2019,BRASILEIRO,Walter,Fagner,Marllon,Bruno Méndez,Danilo Avelar,Ralf,Sornoza,Mateus Vital,Pedrinho,Janderson,Gustavo,Jadson,Vagner Love,Clayson,,,,,,,,,
190,E,CORINTHIANS,0,0,SANTOS,26/10/2019,BRASILEIRO,Cássio,Michel,Manoel,Gil,Danilo Avelar,Ralf,Júnior Urso,Mateus Vital,Pedrinho,Vagner Love,Boselli,Sornoza,Janderson,Gustavo,,,,,,,,,
191,V,CORINTHIANS,3,2,FORTALEZA,06/11/2019,BRASILEIRO,Walter,Michel,Manoel,Gil,Danilo Avelar,Gabriel,Júnior Urso,Mateus Vital,Pedrinho,Janderson,Boselli,Clayson,Ramiro,Gustavo,,,,,,,,,
192,E,CORINTHIANS,0,0,INTERNACIONAL,17/11/2019,BRASILEIRO,Cássio,Fagner,Manoel,Gil,Danilo Avelar,Ralf,Júnior Urso,Sornoza,Mateus Vital,Janderson,Boselli,Clayson,Vagner Love,Gustavo,,,,,,,,,
193,V,CORINTHIANS,3,0,AVAÍ,27/11/2019,BRASILEIRO,Cássio,Fagner,Manoel,Gil,Danilo Avelar,Gabriel,Júnior Urso,Pedrinho,Janderson,Clayson,Gustavo,Carlos Augusto,Jadson,Boselli,,,,,,,,,
194,D,CORINTHIANS,1,2,FLUMINENSE,08/12/2019,BRASILEIRO,Cássio,Fagner,Marllon,Gil,Carlos Augusto,Gabriel,Júnior Urso,Mateus Vital,Janderson,Vagner Love,Boselli,Lucas Piton,Jadson,Gustavo,,,,,,,,,
195,V,CORINTHIANS,4,1,BOTAFOGO (SP),23/01/2020,PAULISTA,Cássio,Fagner,Pedro Henrique,Gil,Lucas Piton,Richard,Camacho,Ramiro,Luan,Janderson,Boselli,Mateus Vital,Gabriel,Vagner Love,,,,,,,,,
196,V,CORINTHIANS,2,0,SANTOS,02/02/2020,PAULISTA,Cássio,Fagner,Pedro Henrique,Gil,Sidcley,Camacho,Cantillo,Everaldo,Luan,Janderson,Boselli,Gabriel,Lucas Piton,Mateus Vital,,,,,,,,,
197,D,CORINTHIANS,0,1,INTERNACIONAL DE LIMEIRA,09/02/2020,PAULISTA,Cássio,Michel,Pedro Henrique,Bruno Méndez,Lucas Piton,Gabriel,Cantillo,Mateus Vital,Everaldo,Madson,Gustavo,Vagner Love,Fagner,Luan,,,,,,,,,
198,V,CORINTHIANS,2,1,GUARANÍ (PAR),12/02/2020,LIBERTADORES,Cássio,Fagner,Pedro Henrique,Gil,Sidcley,Camacho,Cantillo,Pedrinho,Luan,Vagner Love,Boselli,Lucas Piton,Gustavo,Janderson,,,,,,,,,
199,E,CORINTHIANS,1,1,SANTO ANDRÉ,26/02/2020,PAULISTA,Walter,Fagner,Pedro Henrique,Gil,Lucas Piton,Gabriel,Cantillo,Pedrinho,Luan,Yony,Vagner Love,Boselli,Janderson,Everaldo,,,,,,,,,
200,E,CORINTHIANS,1,1,ITUANO,15/03/2020,PAULISTA,Cássio,Fagner,Pedro Henrique,Gil,Carlos Augusto,Camacho,Cantillo,Everaldo,Luan,Yony,Boselli,Janderson,Araos,Vagner Love,,,,,,,,,
201,V,CORINTHIANS,1,0,PALMEIRAS,22/07/2020,PAULISTA,Cássio,Fagner,Danilo Avelar,Gil,Carlos Augusto,Gabriel,Camacho,Ramiro,Luan,Everaldo,Boselli,Éderson,Janderson,Mateus Vital,Sidcley,,,,,,,,
202,V,CORINTHIANS,1,0,MIRASSOL,02/08/2020,PAULISTA,Cássio,Fagner,Danilo Avelar,Gil,Carlos Augusto,Gabriel,Éderson,Ramiro,Luan,Mateus Vital,Jô,Janderson,Sidcley,Araos,Camacho,Léo Natel,,,,,,,
203,E,CORINTHIANS,0,0,PALMEIRAS,05/08/2020,PAULISTA,Cássio,Fagner,Danilo Avelar,Gil,Carlos Augusto,Gabriel,Éderson,Ramiro,Luan,Mateus Vital,Jô,Araos,Cantillo,Léo Natel,,,,,,,,,
204,V,CORINTHIANS,3,1,CORITIBA,19/08/2020,BRASILEIRO,Cássio,Fagner,Danilo Avelar,Gil,Sidcley,Gabriel,Cantillo,Ramiro,Araos,Léo Natel,Jô,Éderson,Gustavo Silva,Ruan Oliveira,Lucas Piton,Camacho,,,,,,,
205,E,CORINTHIANS,1,1,FORTALEZA,26/08/2020,BRASILEIRO,Cássio,Fagner,Danilo Avelar,Gil,Sidcley,Éderson,Cantillo,Ruan Oliveira,Araos,Léo Natel,Jô,Mateus Vital,Luan,Gustavo Silva,Boselli,,,,,,,,
206,E,CORINTHIANS,2,2,BOTAFOGO,05/09/2020,BRASILEIRO,Cássio,Fagner,Danilo Avelar,Gil,Lucas Piton,Camacho,Cantillo,Ramiro,Gustavo Silva,Araos,Jô,Otero,Mateus Vital,Léo Natel,Boselli,,,,,,,,
207,D,CORINTHIANS,0,2,PALMEIRAS,10/09/2020,BRASILEIRO,Cássio,Fagner,Danilo Avelar,Gil,Lucas Piton,Gabriel,Cantillo,Ramiro,Gustavo Silva,Otero,Jô,Michel,Éderson,Mateus Vital,Léo Natel,Sidcley,,,,,,,
208,V,CORINTHIANS,3,2,BAHIA,16/09/2020,BRASILEIRO,Cássio,Fagner,Danilo Avelar,Gil,Lucas Piton,Xavier,Roni,Mateus Vital,Araos,Otero,Everaldo,Ramiro,Léo Natel,Gustavo Silva,Sidcley,Bruno Méndez,,,,,,,
209,E,CORINTHIANS,0,0,ATLÉTICO (GO),30/09/2020,BRASILEIRO,Cássio,Michel,Danilo Avelar,Gil,Lucas Piton,Roni,Cantillo,Otero,Luan,Léo Natel,Jô,Ramiro,Cazares,Camacho,Boselli,Gustavo Mantuan,,,,,,,
210,E,CORINTHIANS,1,1,SANTOS,07/10/2020,BRASILEIRO,Cássio,Fagner,Danilo Avelar,Gil,Lucas Piton,Gabriel,Roni,Gustavo Mantuan,Luan,Léo Natel,Jô,Cazares,Gustavo Silva,Boselli,Camacho,Mateus Vital,,,,,,,
211,D,CORINTHIANS,1,5,FLAMENGO,18/10/2020,BRASILEIRO,Cássio,Fagner,Marllon,Gil,Lucas Piton,Xavier,Camacho,Otero,Mateus Vital,Everaldo,Boselli,Luan,Gustavo Mantuan,Cazares,Gustavo Silva,Gabriel,,,,,,,
212,D,CORINTHIANS,0,1,AMÉRICA (MG),28/10/2020,COPA DO BRASIL,Cássio,Fagner,Marllon,Gil,Lucas Piton,Xavier,Éderson,Ramiro,Cazares,Mateus Vital,Everaldo,Léo Natel,Boselli,Sidcley,Cantillo,Luan,,,,,,,
213,V,CORINTHIANS,1,0,INTERNACIONAL,31/10/2020,BRASILEIRO,Cássio,Fagner,Marllon,Gil,Fábio Santos,Xavier,Éderson,Ramiro,Cazares,Otero,Matheus Davó,Léo Natel,Luan,Camacho,Gabriel,,,,,,,,
214,D,CORINTHIANS,1,2,ATLÉTICO (MG),14/11/2020,BRASILEIRO,Cássio,Fagner,Marllon,Gil,Lucas Piton,Gabriel,Roni,Ramiro,Luan,Everaldo,Matheus Davó,Léo Natel,Éderson,Jonathan Cafú,Cantillo,Araos,,,,,,,
215,E,CORINTHIANS,0,0,GRÊMIO,22/11/2020,BRASILEIRO,Cássio,Fagner,Marllon,Gil,Fábio Santos,Gabriel,Cantillo,Otero,Luan,Jonathan Cafú,Matheus Davó,Bruno Méndez,Xavier,Lucas Piton,Camacho,Léo Natel,,,,,,,
216,V,CORINTHIANS,1,0,SÃO PAULO,13/11/2020,BRASILEIRO,Cássio,Fagner,Bruno Méndez,Gil,Fábio Santos,Gabriel,Cantillo,Ramiro,Cazares,Otero,Léo Natel,Camacho,Gustavo Silva,Luan,Mateus Vital,Lucas Piton,,,,,,,
217,V,CORINTHIANS,2,1,GOIÁS,21/12/2020,BRASILEIRO,Cássio,Fagner,Bruno Méndez,Gil,Fábio Santos,Gabriel,Ramiro,Otero,Gustavo Silva,Cazares,Jô,Gabriel Pereira,Xavier,Léo Natel,Luan,Walter,,,,,,,
218,V,CORINTHIANS,5,0,FLUMINENSE,13/01/2021,BRASILEIRO,Cássio,Fagner,Jemerson,Gil,Fábio Santos,Gabriel,Cantillo,Mateus Vital,Gustavo Silva,Cazares,Jô,Camacho,Léo Natel,Gabriel Pereira,Everaldo,Luan,,,,,,,
219,V,CORINTHIANS,3,0,SPORT,21/01/2021,BRASILEIRO,Cássio,Fagner,Jemerson,Bruno Méndez,Fábio Santos,Camacho,Ramiro,Mateus Vital,Gustavo Silva,Cazares,Jô,Léo Natel,Xavier,Everaldo,Marllon,Cantillo,,,,,,,
220,D,CORINTHIANS,0,2,BRAGANTINO,25/01/2021,BRASILEIRO,Cássio,Fagner,Bruno Méndez,Gil,Fábio Santos,Gabriel,Ramiro,Mateus Vital,Gustavo Silva,Cazares,Jô,Léo Natel,Otero,Everaldo,Luan,Gabriel Pereira,,,,,,,
221,V,CORINTHIANS,2,1,CEARÁ,03/02/2021,BRASILEIRO,Cássio,Fagner,Bruno Méndez,Gil,Fábio Santos,Gabriel,Cantillo,Otero,Gustavo Silva,Araos,Léo Natel,Mateus Vital,Jô,Xavier,Ramiro,Camacho,,,,,,,
222,E,CORINTHIANS,3,3,ATHLETICO,10/02/2021,BRASILEIRO,Cássio,Fagner,Bruno Méndez,Gil,Fábio Santos,Gabriel,Cantillo,Otero,Gustavo Silva,Araos,Léo Natel,Lucas Piton,Mateus Vital,Ramiro,Xavier,Jô,,,,,,,
223,E,CORINTHIANS,0,0,VASCO DA GAMA,21/02/2021,BRASILEIRO,Cássio,Fagner,Jemerson,Gil,Fábio Santos,Gabriel,Ramiro,Mateus Vital,Gustavo Silva,Araos,Léo Natel,Gabriel Pereira,Michel,Cazares,Jô,Otero,,,,,,,
224,E,CORINTHIANS,2,2,PALMEIRAS,03/03/2021,PAULISTA,Matheus Donelli,Bruno Méndez,Jemerson,Gil,Lucas Piton,Roni,Cantillo,Cazares,Mateus Vital,Rodrigo Varanda,Jô,Otero,Xavier,Luan,Antony,,,,,,,,
225,V,CORINTHIANS,2,1,PONTE PRETA,07/03/2021,PAULISTA,Matheus Donelli,Bruno Méndez,Jemerson,Gil,João Victor,Roni,Cantillo,Mateus Vital,Luan,Rodrigo Varanda,Antony,Jô,Otero,Araos,Adson,,,,,,,,
226,E,CORINTHIANS,1,1,SÃO BENTO,16/04/2021,PAULISTA,Cássio,Fagner,Bruno Méndez,Gil,Fábio Santos,Gabriel,Cantillo,Victor Gabriel,Gustavo Silva,Rodrigo Varanda,Cauê,Jô,Otero,Luan,Léo Natel,Gabriel Pereira,,,,,,,
227,V,CORINTHIANS,2,0,ITUANO,18/04/2021,PAULISTA,Cássio,João Victor,Jemerson,Raul Gustavo,Lucas Piton,Xavier,Camacho,Otero,Luan,Léo Natel,Jô,Gabriel Pereira,Ramiro,Roni,Araos,Léo Santos,,,,,,,
228,D,CORINTHIANS,0,2,PEÑAROL,29/04/2021,SULAMERICANA,Cássio,Fagner,Gil,Bruno Méndez,Fábio Santos,Camacho,Cantillo,Otero,Luan,Léo Natel,Jô,Ramiro,Gustavo Silva,Victor Gabriel,Gabriel Pereira,Cauê,,,,,,,
229,E,CORINTHIANS,2,2,SÃO PAULO,02/05/2021,PAULISTA,Cássio,Fagner,Jemerson,Raul Gustavo,Lucas Piton,João Victor,Gabriel,Ramiro,Luan,Otero,Cauê,Gustavo Silva,Roni,Gil,Mateus Vital,,,,,,,,
230,V,CORINTHIANS,2,1,GRÊMIO NOVORIZONTINO,09/05/2021,PAULISTA,Matheus Donelli,Mandaca,Gil,Bruno Méndez,Fábio Santos,Camacho,Roni,Gabriel Pereira,Mateus Vital,Gustavo Silva,Jô,Léo Natel,Adson,Felipe Augusto,Matheus Araújo,Léo Santos,,,,,,,
231,V,CORINTHIANS,4,1,INTERNACIONAL DE LIMEIRA,11/05/2021,PAULISTA,Cássio,Fagner,Jemerson,João Victor,Lucas Piton,Raul Gustavo,Gabriel,Ramiro,Luan,Otero,Cauê,Gustavo Silva,Mateus Vital,Roni,Fábio Santos,Léo Natel,,,,,,,
232,D,CORINTHIANS,0,2,PALMEIRAS,16/05/2021,PAULISTA,Cássio,Mandaca,Jemerson,João Victor,Lucas Piton,Raul Gustavo,Gabriel,Ramiro,Luan,Otero,Cauê,Gil,Gustavo Silva,Mateus Vital,Léo Natel,Jô,,,,,,,
233,V,CORINTHIANS,5,0,SPORT HUNCAYO,20/05/2021,SULAMERICANA,Cássio,João Victor,Gil,Raul Gustavo,Lucas Piton,Gabriel,Camacho,Araos,Mateus Vital,Gustavo Silva,Luan,Jô,Roni,Adson,Ramiro,Léo Natel,,,,,,,
234,V,CORINTHIANS,4,0,RIVER PLATE (PAR),26/05/2021,SULAMERICANA,Cássio,Bruno Méndez,Raul Gustavo,João Victor,Fábio Santos,Roni,Ramiro,Araos,Mateus Vital,Adson,Jô,Matheus Donelli,Cantillo,Victor Gabriel,Cauê,Gabriel Pereira,,,,,,,
235,D,CORINTHIANS,0,1,ATLÉTICO (GO),30/05/2021,BRASILEIRO,Cássio,Fagner,Gil,Raul Gustavo,Lucas Piton,Roni,Camacho,Ramiro,Mateus Vital,Gustavo Silva,Luan,Araos,Adson,Cantillo,Jô,,,,,,,,
236,D,CORINTHIANS,0,2,ATLÉTICO (GO),02/06/2021,COPA DO BRASIL,Cássio,Fagner,Gil,Raul Gustavo,Lucas Piton,Camacho,Ramiro,Araos,Mateus Vital,Gustavo Silva,Luan,Gabriel,Bruno Méndez,Léo Natel,Jô,Roni,,,,,,,
237,D,CORINTHIANS,1,2,BRAGANTINO,16/06/2021,BRASILEIRO,Cássio,Fagner,Gil,João Victor,Fábio Santos,Gabriel,Cantillo,Roni,Mateus Vital,Gustavo Silva,Luan,Araos,Léo Natel,Ramiro,,,,,,,,,
238,V,CORINTHIANS,2,1,SPORT,24/06/2021,BRASILEIRO,Cássio,Fagner,Gil,João Victor,Fábio Santos,Gabriel,Cantillo,Victor Gabriel,Mateus Vital,Gustavo Silva,Jô,Ramiro,Felipe Augusto,Xavier,Roni,,,,,,,,
239,E,CORINTHIANS,0,0,SÃO PAULO,30/06/2021,BRASILEIRO,Cássio,Fagner,Gil,João Victor,Fábio Santos,Gabriel,Cantillo,Victor Gabriel,Mateus Vital,Gustavo Silva,Jô,Marquinhos,Roni,Xavier,,,,,,,,,
240,E,CORINTHIANS,1,1,INTERNACIONAL,03/07/2021,BRASILEIRO,Cássio,Fagner,Gil,João Victor,Fábio Santos,Roni,Cantillo,Victor Gabriel,Mateus Vital,Gustavo Silva,Jô,Araos,Luan,Marquinhos,,,,,,,,,
241,D,CORINTHIANS,1,2,ATLÉTICO (MG),17/07/2021,BRASILEIRO,Cássio,Fagner,Gil,João Victor,Fábio Santos,Gabriel,Cantillo,Roni,Mateus Vital,Gustavo Silva,Jô,Victor Gabriel,Marquinhos,Luan,Araos,,,,,,,,
242,D,CORINTHIANS,1,3,FLAMENGO,01/08/2021,BRASILEIRO,Cássio,Fagner,Gil,João Victor,Fábio Santos,Gabriel,Cantillo,Roni,Adson,Gustavo Silva,Jô,Victor Gabriel,Xavier,Araos,Marquinhos,Mateus Vital,,,,,,,
243,V,CORINTHIANS,3,1,CEARÁ,15/08/2021,BRASILEIRO,Cássio,Fagner,Gil,João Victor,Fábio Santos,Gabriel,Roni,Giuliano,Adson,Gustavo Silva,Jô,Renato Augusto,Mateus Vital,Marquinhos,Xavier,,,,,,,,
244,E,CORINTHIANS,1,1,JUVENTUDE,07/09/2021,BRASILEIRO,Cássio,Fagner,Gil,João Victor,Fábio Santos,Gabriel,Renato Augusto,Roger Guedes,Giuliano,Gustavo Silva,Jô,Luan,Gabriel Pereira,,,,,,,,,,
245,E,CORINTHIANS,1,1,AMÉRICA (MG),19/09/2021,BRASILEIRO,Cássio,Fagner,Gil,João Victor,Fábio Santos,Gabriel,Willian,Gabriel Pereira,Giuliano,Roger Guedes,Jô,Renato Augusto,Gustavo Silva,Luan,,,,,,,,,
246,V,CORINTHIANS,2,1,PALMEIRAS,25/09/2021,BRASILEIRO,Cássio,Fagner,Gil,João Victor,Fábio Santos,Cantillo,Renato Augusto,Gabriel Pereira,Giuliano,Willian,Roger Guedes,Gustavo Silva,Du Queiroz,Jô,Victor Gabriel,Xavier,,,,,,,
247,V,CORINTHIANS,3,1,BAHIA,05/10/2021,BRASILEIRO,Cássio,Fagner,Gil,João Victor,Lucas Piton,Cantillo,Renato Augusto,Gabriel Pereira,Giuliano,Willian,Roger Guedes,Jô,Gabriel,Luan,Adson,Gustavo Silva,,,,,,,
248,V,CORINTHIANS,1,0,FLUMINENSE,13/10/2021,BRASILEIRO,Cássio,Fagner,Gil,João Victor,Fábio Santos,Cantillo,Renato Augusto,Gabriel Pereira,Giuliano,Willian,Roger Guedes,Gustavo Silva,Gabriel,Victor Gabriel,Adson,,,,,,,,
249,V,CORINTHIANS,1,0,CHAPECOENSE,01/11/2021,BRASILEIRO,Matheus Donelli,Fagner,Gil,João Victor,Fábio Santos,Gabriel,Du Queiroz,Gabriel Pereira,Giuliano,Renato Augusto,Roger Guedes,Gustavo Silva,Jô,Adson,,,,,,,,,
250,V,CORINTHIANS,1,0,FORTALEZA,06/11/2021,BRASILEIRO,Cássio,Fagner,Gil,João Victor,Fábio Santos,Gabriel,Du Queiroz,Gabriel Pereira,Giuliano,Renato Augusto,Roger Guedes,Gustavo Silva,Cantillo,Jô,Xavier,,,,,,,,
251,V,CORINTHIANS,3,2,CUIABÁ,13/11/2021,BRASILEIRO,Cássio,Fagner,Gil,João Victor,Lucas Piton,Gabriel,Renato Augusto,Gabriel Pereira,Giuliano,Roger Guedes,Jô,Gustavo Silva,Victor Gabriel,Luan,Du Queiroz,Xavier,,,,,,,
252,V,CORINTHIANS,2,0,SANTOS,21/11/2021,BRASILEIRO,Cássio,Fagner,Gil,João Victor,Fábio Santos,Gabriel,Du Queiroz,Gabriel Pereira,Renato Augusto,Roger Guedes,Jô,Willian,Roni,Gustavo Silva,,,,,,,,,
253,V,CORINTHIANS,1,0,ATHLETICO,28/11/2021,BRASILEIRO,Cássio,Fagner,Gil,João Victor,Fábio Santos,Gabriel,Du Queiroz,Gabriel Pereira,Renato Augusto,Roger Guedes,Jô,Willian,Gustavo Silva,Xavier,Roni,,,,,,,,
254,E,CORINTHIANS,1,1,GRÊMIO,05/12/2021,BRASILEIRO,Cássio,Du Queiroz,Gil,João Victor,Fábio Santos,Xavier,Renato Augusto,Giuliano,Willian,Roger Guedes,Jô,Gabriel Pereira,Gustavo Silva,Victor Gabriel,Luan,,,,,,,,
255,E,CORINTHIANS,0,0,FERROVIÁRIA,25/01/2022,PAULISTA,Cássio,Fagner,Gil,João Victor,Lucas Piton,Du Queiroz,Renato Augusto,Giuliano,Willian,Roger Guedes,Gustavo Mantuan,Paulinho,Gabriel Pereira,Gustavo Silva,,,,,,,,,
256,D,CORINTHIANS,1,2,SANTOS,02/02/2022,PAULISTA,Matheus Donelli,Fagner,Gil,João Victor,Lucas Piton,Du Queiroz,Renato Augusto,Giuliano,Gabriel Pereira,Roger Guedes,Gustavo Mantuan,Jô,Gustavo Silva,Paulinho,Adson,,,,,,,,
257,V,CORINTHIANS,2,1,MIRASSOL,10/02/2022,PAULISTA,Cássio,Fagner,Gil,João Victor,Lucas Piton,Du Queiroz,Paulinho,Renato Augusto,Giuliano,Roger Guedes,Gustavo Mantuan,Willian,Cantillo,Roni,Gustavo Silva,Jô,,,,,,,
258,V,CORINTHIANS,3,0,SÃO BERNARDO,16/02/2022,PAULISTA,Cássio,Fagner,Gil,João Victor,Fábio Santos,Du Queiroz,Paulinho,Renato Augusto,Giuliano,Roger Guedes,Willian,João Pedro,Cantillo,Gustavo Mantuan,Luan,Jô,,,,,,,
259,V,CORINTHIANS,1,0,BRAGANTINO,27/02/2022,PAULISTA,Cássio,Fagner,Gil,João Victor,Lucas Piton,Du Queiroz,Paulinho,Renato Augusto,Giuliano,Roger Guedes,Willian,Gustavo Silva,Jô,Roni,Gabriel Pereira,,,,,,,,
260,V,CORINTHIANS,5,0,PONTE PRETA,12/03/2022,PAULISTA,Cássio,Fagner,Gil,João Victor,Lucas Piton,Du Queiroz,Paulinho,Renato Augusto,Gustavo Silva,Roger Guedes,Willian,Cantillo,Adson,Jô,Giuliano,Gustavo Mantuan,,,,,,,
261,E,CORINTHIANS,1,1,GUARANI,24/03/2022,PAULISTA,Cássio,Fagner,Gil,João Victor,Lucas Piton,Du Queiroz,Paulinho,Renato Augusto,Gustavo Silva,Roger Guedes,Willian,Júnior Moraes,Adson,Gustavo Mantuan,Giuliano,Fábio Santos,,,,,,,
262,V,CORINTHIANS,1,0,DEPORTIVO CALI,13/04/2022,LIBERTADORES,Cássio,Fagner,Gil,Raul Gustavo,Fábio Santos,Maycon,Paulinho,Renato Augusto,Willian,Gustavo Mantuan,Jô,Lucas Piton,Du Queiroz,Roger Guedes,Giuliano,Bruno Melo,,,,,,,
263,V,CORINTHIANS,3,0,AVAÍ,16/04/2022,BRASILEIRO,Cássio,Rafael Ramos,Raul Gustavo,João Victor,Lucas Piton,Du Queiroz,Maycon,Renato Augusto,Adson,Roger Guedes,Júnior Moraes,Giuliano,Roni,Willian,Gustavo Mantuan,Giovane,,,,,,,
264,V,CORINTHIANS,2,0,BOCA JUNIORS,26/04/2022,LIBERTADORES,Cássio,Fagner,Raul Gustavo,João Victor,Fábio Santos,Du Queiroz,Maycon,Renato Augusto,Willian,Adson,Jô,Gustavo Mantuan,Roger Guedes,Paulinho,Cantillo,Gustavo Silva,,,,,,,
265,V,CORINTHIANS,1,0,FORTALEZA,01/05/2022,BRASILEIRO,Cássio,Rafael Ramos,Gil,João Victor,Lucas Piton,Maycon,Paulinho,Renato Augusto,Willian,Roger Guedes,Júnior Moraes,Du Queiroz,Raul Gustavo,Jô,Gustavo Mantuan,Gustavo Silva,,,,,,,
266,V,CORINTHIANS,2,0,PORTUGUESA (RJ),11/05/2022,COPA DO BRASIL,Cássio,Lucas Piton,Robson,João Victor,Fábio Santos,Roni,Maycon,Giuliano,Adson,Gustavo Silva,Júnior Moraes,Ivan,Giovane,Cantillo,Gustavo Mantuan,Wesley,,,,,,,
267,E,CORINTHIANS,1,1,SÃO PAULO,22/05/2022,BRASILEIRO,Cássio,João Victor,Gil,Raul Gustavo,Fábio Santos,Du Queiroz,Maycon,Renato Augusto,Willian,Gustavo Mantuan,Jô,Adson,Júnior Moraes,Lucas Piton,Giuliano,Matheus Donelli,,,,,,,
268,E,CORINTHIANS,1,1,ALWAYS READY,26/05/2022,LIBERTADORES,Ivan,Gustavo Mantuan,Gil,Robson,Lucas Piton,Roni,Maycon,Giuliano,Adson,Gustavo Silva,Júnior Moraes,Willian,Renato Augusto,Jô,Roger Guedes,Du Queiroz,,,,,,,
269,E,CORINTHIANS,1,1,AMÉRICA (MG),29/05/2022,BRASILEIRO,Cássio,Rafael Ramos,Gil,Raul Gustavo,Fábio Santos,Roni,Du Queiroz,Renato Augusto,Willian,Roger Guedes,Júnior Moraes,Adson,Gustavo Silva,Maycon,Lucas Piton,Giuliano,,,,,,,
270,V,CORINTHIANS,2,0,JUVENTUDE,11/06/2022,BRASILEIRO,Cássio,Rafael Ramos,Gil,Raul Gustavo,Fábio Santos,Du Queiroz,Giuliano,Renato Augusto,Adson,Roger Guedes,Willian,Gustavo Mantuan,Cantillo,Lucas Piton,Roni,Felipe Augusto,,,,,,,
271,V,CORINTHIANS,1,0,GOIÁS,19/06/2022,BRASILEIRO,Cássio,Rafael Ramos,Gil,Raul Gustavo,Fábio Santos,Du Queiroz,Cantillo,Renato Augusto,Adson,Roger Guedes,Gustavo Mantuan,Giuliano,Lucas Piton,Robson,Xavier,Fagner,,,,,,,
272,V,CORINTHIANS,4,0,SANTOS,22/06/2022,COPA DO BRASIL,Cássio,Fagner,João Victor,Raul Gustavo,Lucas Piton,Du Queiroz,Cantillo,Giuliano,Willian,Roger Guedes,Gustavo Mantuan,Robert Renan,Roni,Adson,Xavier,Matheus Araújo,,,,,,,
273,E,CORINTHIANS,0,0,SANTOS,25/06/2022,BRASILEIRO,Cássio,Rafael Ramos,Robert Renan,Raul Gustavo,Fábio Santos,Du Queiroz,Roni,Cantillo,Adson,Felipe Augusto,Gustavo Mantuan,Giuliano,Willian,Júnior Moraes,Fagner,Lucas Piton,,,,,,,
274,E,CORINTHIANS,0,0,BOCA JUNIORS,28/06/2022,LIBERTADORES,Cássio,Fagner,João Victor,Raul Gustavo,Lucas Piton,Roni,Giuliano,Adson,Willian,Roger Guedes,Gustavo Mantuan,Bruno Méndez,Júnior Moraes,João Pedro,Fábio Santos,,,,,,,,
275,V,CORINTHIANS,1,0,FLAMENGO,10/07/2022,BRASILEIRO,Cássio,Rafael Ramos,Gil,Raul Gustavo,Fábio Santos,Du Queiroz,Cantillo,Lucas Piton,Giuliano,Adson,Roger Guedes,Roni,Gustavo Silva,Bruno Méndez,Bruno Melo,Giovane,,,,,,,
276,V,CORINTHIANS,3,1,CORITIBA,20/07/2022,BRASILEIRO,Cássio,Rafael Ramos,Gil,Raul Gustavo,Lucas Piton,Roni,Cantillo,Maycon,Willian,Roger Guedes,Yuri Alberto,Fagner,Gustavo Silva,Adson,Giuliano,Du Queiroz,,,,,,,
277,V,CORINTHIANS,1,0,BOTAFOGO,30/07/2022,BRASILEIRO,Cássio,Rafael Ramos,Bruno Méndez,Balbuena,Fábio Santos,Roni,Fausto,Giuliano,Giovane,Gustavo Silva,Roger Guedes,Du Queiroz,Willian,Yuri Alberto,Adson,Maycon,,,,,,,
278,D,CORINTHIANS,0,2,FLAMENGO,02/08/2022,LIBERTADORES,Cássio,Fagner,Bruno Méndez,Balbuena,Lucas Piton,Du Queiroz,Cantillo,Maycon,Adson,Gustavo Silva,Yuri Alberto,Fausto,Giuliano,Roger Guedes,Giovane,Roni,,,,,,,
279,D,CORINTHIANS,0,1,PALMEIRAS,13/08/2022,BRASILEIRO,Cássio,Rafael Ramos,Bruno Méndez,Balbuena,Lucas Piton,Du Queiroz,Fausto,Renato Augusto,Gustavo Silva,Roger Guedes,Yuri Alberto,Fagner,Adson,Roni,,,,,,,,,
280,V,CORINTHIANS,4,1,ATLÉTICO (GO),17/08/2022,COPA DO BRASIL,Cássio,Fagner,Gil,Balbuena,Fábio Santos,Du Queiroz,Fausto,Renato Augusto,Adson,Roger Guedes,Yuri Alberto,Giuliano,Cantillo,Gustavo Silva,Giovane,Júnior Moraes,,,,,,,
281,V,CORINTHIANS,1,0,BRAGANTINO,29/08/2022,BRASILEIRO,Cássio,Fagner,Gil,Balbuena,Lucas Piton,Du Queiroz,Fausto,Renato Augusto,Gustavo Silva,Roger Guedes,Yuri Alberto,Fábio Santos,Ramiro,Mateus Vital,Cantillo,Bruno Méndez,,,,,,,
282,E,CORINTHIANS,2,2,INTERNACIONAL,04/09/2022,BRASILEIRO,Cássio,Fagner,Gil,Balbuena,Fábio Santos,Fausto,Ramiro,Giuliano,Gustavo Silva,Roger Guedes,Yuri Alberto,Rafael Ramos,Cantillo,Bruno Méndez,Roni,Mateus Vital,,,,,,,
283,V,CORINTHIANS,3,0,FLUMINENSE,15/09/2022,COPA DO BRASIL,Cássio,Fagner,Gil,Balbuena,Fábio Santos,Du Queiroz,Fausto,Renato Augusto,Gustavo Silva,Roger Guedes,Yuri Alberto,Giuliano,Mateus Vital,Adson,Xavier,Lucas Piton,,,,,,,
284,V,CORINTHIANS,2,1,ATLÉTICO (GO),28/09/2022,BRASILEIRO,Cássio,Fagner,Gil,Bruno Méndez,Fábio Santos,Du Queiroz,Fausto,Renato Augusto,Gustavo Silva,Roger Guedes,Yuri Alberto,Lucas Piton,Adson,Giuliano,Mateus Vital,,,,,,,,
285,V,CORINTHIANS,2,0,CUIABÁ,01/10/2022,BRASILEIRO,Cássio,Fagner,Raul Gustavo,Balbuena,Lucas Piton,Du Queiroz,Fausto,Renato Augusto,Adson,Roger Guedes,Yuri Alberto,Gil,Giuliano,Mateus Vital,Ramiro,Arthur Sousa,,,,,,,
286,V,CORINTHIANS,2,1,ATHLETICO,08/10/2022,BRASILEIRO,Carlos Miguel,Fagner,Robert Renan,Balbuena,Lucas Piton,Fausto,Ramiro,Mateus Vital,Giuliano,Adson,Roger Guedes,Yuri Alberto,Rafael Ramos,Gustavo Silva,Du Queiroz,Maycon,,,,,,,
287,E,CORINTHIANS,0,0,FLAMENGO,12/10/2022,COPA DO BRASIL,Cássio,Fagner,Gil,Balbuena,Fábio Santos,Du Queiroz,Fausto,Renato Augusto,Adson,Roger Guedes,Yuri Alberto,Giuliano,Mateus Vital,Ramiro,Gustavo Silva,,,,,,,,
288,D,CORINTHIANS,0,2,FLUMINENSE,26/10/2022,BRASILEIRO,Cássio,Fagner,Gil,Balbuena,Fábio Santos,Du Queiroz,Fausto,Renato Augusto,Mateus Vital,Gustavo Silva,Roger Guedes,Ramiro,Giuliano,Bruno Méndez,Giovane,Roni,,,,,,,
289,V,CORINTHIANS,1,0,CEARÁ,05/11/2022,BRASILEIRO,Cássio,Fagner,Gil,Robert Renan,Lucas Piton,Du Queiroz,Fausto,Renato Augusto,Ramiro,Mateus Vital,Yuri Alberto,Fábio Santos,Roger Guedes,Giuliano,Maycon,,,,,,,,
290,D,CORINTHIANS,0,1,ATLÉTICO (MG),13/11/2022,BRASILEIRO,Cássio,Fagner,Gil,Robert Renan,Fábio Santos,Du Queiroz,Fausto,Maycon,Ramiro,Roger Guedes,Yuri Alberto,Renato Augusto,Mateus Vital,Giovane,,,,,,,,,
291,V,CORINTHIANS,3,0,ÁGUA SANTA,18/01/2023,PAULISTA,Cássio,Fagner,Bruno Méndez,Balbuena,Fábio Santos,Du Queiroz,Maycon,Renato Augusto,Adson,Roger Guedes,Yuri Alberto,Roni,Giuliano,Romero,Cantillo,Matheus Bidu,,,,,,,
292,V,CORINTHIANS,2,1,GUARANI,24/01/2023,PAULISTA,Cássio,Fagner,Gil,Balbuena,Fábio Santos,Du Queiroz,Maycon,Renato Augusto,Adson,Roger Guedes,Yuri Alberto,Roni,Giuliano,Romero,Cantillo,Bruno Méndez,,,,,,,
293,V,CORINTHIANS,2,0,BOTAFOGO (SP),05/02/2023,PAULISTA,Cássio,Fagner,Gil,Bruno Méndez,Fábio Santos,Roni,Giuliano,Renato Augusto,Adson,Roger Guedes,Romero,Júnior Moraes,Paulinho,Fausto,Rafael Ramos,Matheus Araújo,,,,,,,
294,E,CORINTHIANS,2,2,PALMEIRAS,16/02/2023,PAULISTA,Cássio,Fagner,Gil,Bruno Méndez,Fábio Santos,Roni,Giuliano,Renato Augusto,Adson,Roger Guedes,Yuri Alberto,Romero,Fausto,,,,,,,,,,
295,V,CORINTHIANS,3,0,MIRASSOL,19/02/2023,PAULISTA,Cássio,Fagner,Gil,Bruno Méndez,Fábio Santos,Roni,Giuliano,Renato Augusto,Adson,Roger Guedes,Yuri Alberto,Rafael Ramos,Paulinho,Du Queiroz,Fausto,Maycon,,,,,,,
296,V,CORINTHIANS,3,1,SANTO ANDRÉ,04/03/2023,PAULISTA,Carlos Miguel,Fagner,Caetano,Balbuena,Fábio Santos,Fausto,Giuliano,Renato Augusto,Matheus Araújo,Roger Guedes,Yuri Alberto,Paulinho,Du Queiroz,Maycon,Romero,Pedro,,,,,,,
297,E,CORINTHIANS,1,1,ITUANO,12/03/2023,PAULISTA,Cássio,Fagner,Gil,Bruno Méndez,Fábio Santos,Roni,Giuliano,Paulinho,Adson,Roger Guedes,Yuri Alberto,Pedro,Maycon,Fausto,,,,,,,,,
298,V,CORINTHIANS,2,1,CRUZEIRO,16/04/2023,BRASILEIRO,Cássio,Fagner,Gil,Bruno Méndez,Matheus Bidu,Roni,Fausto,Giuliano,Chrystian Barletta,Roger Guedes,Yuri Alberto,Matheus Araújo,Cantillo,Adson,Du Queiroz,Fábio Santos,,,,,,,
299,D,CORINTHIANS,0,1,ARGENTINOS JUNIORS,19/04/2023,LIBERTADORES,Cássio,Fagner,Gil,Balbuena,Fábio Santos,Fausto,Cantillo,Giuliano,Matheus Araújo,Roger Guedes,Yuri Alberto,Du Queiroz,Roni,Romero,Paulinho,,,,,,,,
300,V,CORINTHIANS,2,0,REMO,26/04/2023,COPA DO BRASIL,Cássio,Fagner,Gil,Bruno Méndez,Fábio Santos,Fausto,Roni,Giuliano,Adson,Roger Guedes,Yuri Alberto,Matheus Araújo,Matheus Bidu,Maycon,Murillo,Paulinho,,,,,,,
301,D,CORINTHIANS,1,2,INDEPENDIENTE DEL VALLE,02/05/2023,LIBERTADORES,Cássio,Fagner,Gil,Murillo,Matheus Bidu,Fausto,Maycon,Giuliano,Adson,Roger Guedes,Yuri Alberto,Pedro,Paulinho,Du Queiroz,Matheus Araújo,Romero,,,,,,,
302,E,CORINTHIANS,1,1,FORTALEZA,08/05/2023,BRASILEIRO,Cássio,Fagner,Gil,Murillo,Fábio Santos,Fausto,Roni,Matheus Araújo,Adson,Roger Guedes,Pedro,Guilherme Biro,Yuri Alberto,Matheus Bidu,Romero,Paulinho,,,,,,,
303,E,CORINTHIANS,1,1,SÃO PAULO,14/05/2023,BRASILEIRO,Cássio,Fagner,Gil,Murillo,Matheus Bidu,Fausto,Maycon,Giuliano,Wesley,Roger Guedes,Yuri Alberto,Adson,Matheus Araújo,Felipe Augusto,Roni,,,,,,,,
304,V,CORINTHIANS,2,0,FLUMINENSE,28/05/2023,BRASILEIRO,Cássio,Bruno Méndez,Gil,Murillo,Matheus Bidu,Fausto,Maycon,Roni,Adson,Roger Guedes,Yuri Alberto,Renato Augusto,Wesley,Fagner,Felipe Augusto,Giuliano,,,,,,,
305,V,CORINTHIANS,2,0,ATLÉTICO (MG),31/05/2023,COPA DO BRASIL,Cássio,Fagner,Gil,Murillo,Matheus Bidu,Bruno Méndez,Fausto,Maycon,Renato Augusto,Roger Guedes,Yuri Alberto,Adson,Fábio Santos,Caetano,,,,,,,,,
306,E,CORINTHIANS,1,1,CUIABÁ,10/06/2023,BRASILEIRO,Cássio,Bruno Méndez,Gil,Murillo,Matheus Bidu,Fausto,Maycon,Renato Augusto,Guilherme Biro,Roger Guedes,Pedro,Adson,Fagner,Yuri Alberto,Ruan Oliveira,Wesley,,,,,,,
307,V,CORINTHIANS,3,0,LIVERPOOL (URU),28/06/2023,LIBERTADORES,Carlos Miguel,Rafael Ramos,Caetano,Murillo,Fábio Santos,Fausto,Giuliano,Matheus Araújo,Adson,Wesley,Felipe Augusto,Pedro,Giovane,Gabriel Moscardo,Léo Mana,Ryan Gustavo,,,,,,,
308,D,CORINTHIANS,0,1,BRAGANTINO,02/07/2023,BRASILEIRO,Cássio,Fagner,Gil,Murillo,Matheus Bidu,Gabriel Moscardo,Maycon,Ruan Oliveira,Guilherme Biro,Roger Guedes,Yuri Alberto,Matheus Araújo,Caetano,Wesley,Roni,Felipe Augusto,,,,,,,
309,V,CORINTHIANS,1,0,UNIVERSITARIO,11/07/2023,SULAMERICANA,Carlos Miguel,Rafael Ramos,Caetano,Bruno Méndez,Matheus Bidu,Guilherme Biro,Giuliano,Matheus Araújo,Adson,Pedro,Felipe Augusto,Giovane,Renato Augusto,Romero,Maycon,Léo Mana,,,,,,,
310,V,CORINTHIANS,3,2,AMÉRICA (MG),15/07/2023,COPA DO BRASIL,Cássio,Fagner,Gil,Murillo,Fábio Santos,Gabriel Moscardo,Fausto,Renato Augusto,Matías Rojas,Roger Guedes,Yuri Alberto,Ruan Oliveira,Bruno Méndez,Giuliano,Adson,Matheus Araújo,,,,,,,
311,V,CORINTHIANS,2,1,SÃO PAULO,25/07/2023,COPA DO BRASIL,Cássio,Fagner,Gil,Murillo,Fábio Santos,Fausto,Maycon,Renato Augusto,Ruan Oliveira,Roger Guedes,Yuri Alberto,Adson,Felipe Augusto,Matheus Araújo,Roni,Bruno Méndez,,,,,,,
312,V,CORINTHIANS,3,1,VASCO DA GAMA,29/07/2023,BRASILEIRO,Cássio,Bruno Méndez,Gil,Caetano,Fábio Santos,Maycon,Ruan Oliveira,Renato Augusto,Adson,Roger Guedes,Yuri Alberto,Fagner,Fausto,Matheus Bidu,Matheus Araújo,Guilherme Biro,,,,,,,
313,V,CORINTHIANS,2,1,NEWELL'S OLD BOYS,01/08/2023,SULAMERICANA,Cássio,Fagner,Bruno Méndez,Murillo,Matheus Bidu,Maycon,Ruan Oliveira,Matheus Araújo,Guilherme Biro,Adson,Yuri Alberto,Carlos Miguel,Wesley,Romero,Fausto,Gil,,,,,,,
314,V,CORINTHIANS,3,1,CORITIBA,13/08/2023,BRASILEIRO,Cássio,Fagner,Gil,Murillo,Fábio Santos,Gabriel Moscardo,Ruan Oliveira,Renato Augusto,Maycon,Adson,Yuri Alberto,Bruno Méndez,Matheus Bidu,Wesley,Giuliano,Matías Rojas,,,,,,,
315,V,CORINTHIANS,1,0,ESTUDIANTES,22/08/2023,SULAMERICANA,Cássio,Bruno Méndez,Gil,Murillo,Fábio Santos,Gabriel Moscardo,Maycon,Renato Augusto,Guilherme Biro,Matías Rojas,Yuri Alberto,Gustavo Silva,Romero,Giuliano,Ruan Oliveira,,,,,,,,
316,E,CORINTHIANS,1,1,GOIÁS,26/08/2023,BRASILEIRO,Cássio,Léo Mana,Lucas Veríssimo,Caetano,Matheus Bidu,Gabriel Moscardo,Giuliano,Ruan Oliveira,Romero,Wesley,Yuri Alberto,Gustavo Silva,Maycon,Bruno Méndez,Renato Augusto,Matías Rojas,,,,,,,
317,E,CORINTHIANS,0,0,PALMEIRAS,03/09/2023,BRASILEIRO,Cássio,Bruno Méndez,Gil,Lucas Veríssimo,Fábio Santos,Gabriel Moscardo,Maycon,Giuliano,Matías Rojas,Wesley,Yuri Alberto,Ruan Oliveira,Romero,Gustavo Silva,Matheus Bidu,Fausto,,,,,,,
318,E,CORINTHIANS,4,4,GRÊMIO,18/09/2023,BRASILEIRO,Cássio,Fagner,Lucas Veríssimo,Caetano,Fábio Santos,Gabriel Moscardo,Maycon,Renato Augusto,Matías Rojas,Pedro,Yuri Alberto,Giuliano,Wesley,Gustavo Silva,Cantillo,,,,,,,,
319,V,CORINTHIANS,1,0,BOTAFOGO,22/09/2023,BRASILEIRO,Cássio,Bruno Méndez,Gil,Lucas Veríssimo,Matheus Bidu,Gabriel Moscardo,Maycon,Matías Rojas,Wesley,Pedro,Yuri Alberto,Renato Augusto,Fagner,Romero,Gustavo Silva,Fábio Santos,,,,,,,
320,E,CORINTHIANS,1,1,FORTALEZA,26/09/2023,SULAMERICANA,Cássio,Fagner,Gil,Lucas Veríssimo,Fábio Santos,Gabriel Moscardo,Maycon,Renato Augusto,Giuliano,Wesley,Yuri Alberto,Romero,Gustavo Silva,,,,,,,,,,
321,E,CORINTHIANS,1,1,FLAMENGO,07/10/2023,BRASILEIRO,Cássio,Bruno Méndez,Gil,Lucas Veríssimo,Fábio Santos,Gabriel Moscardo,Maycon,Renato Augusto,Matías Rojas,Wesley,Yuri Alberto,Fagner,Giuliano,Pedro,Romero,Felipe Augusto,,,,,,,
322,E,CORINTHIANS,1,1,AMÉRICA (MG),22/10/2023,BRASILEIRO,Cássio,Fagner,Gil,Lucas Veríssimo,Matheus Bidu,Gabriel Moscardo,Fausto,Renato Augusto,Ruan Oliveira,Pedro,Yuri Alberto,Fábio Santos,Matías Rojas,Giuliano,Felipe Augusto,Wesley,,,,,,,
323,E,CORINTHIANS,1,1,SANTOS,29/10/2023,BRASILEIRO,Cássio,Fagner,Gil,Lucas Veríssimo,Fábio Santos,Fausto,Maycon,Renato Augusto,Giuliano,Romero,Yuri Alberto,Gabriel Moscardo,Bruno Méndez,Wesley,Matías Rojas,Ruan Oliveira,,,,,,,
324,V,CORINTHIANS,1,0,ATHLETICO,01/11/2023,BRASILEIRO,Cássio,Fagner,Gil,Lucas Veríssimo,Matheus Bidu,Gabriel Moscardo,Maycon,Renato Augusto,Giuliano,Romero,Yuri Alberto,Matías Rojas,Wesley,Caetano,Roni,Felipe Augusto,,,,,,,
325,E,CORINTHIANS,1,1,ATLÉTICO (MG),09/11/2023,BRASILEIRO,Cássio,Bruno Méndez,Gil,Lucas Veríssimo,Fábio Santos,Gabriel Moscardo,Maycon,Renato Augusto,Giuliano,Romero,Yuri Alberto,Gustavo Silva,Fausto,Matías Rojas,Matheus Araújo,,,,,,,,
326,D,CORINTHIANS,1,5,BAHIA,24/11/2023,BRASILEIRO,Cássio,Fagner,Gil,Lucas Veríssimo,Fábio Santos,Matheus Bidu,Maycon,Renato Augusto,Giuliano,Romero,Yuri Alberto,Wesley,Pedro,Matías Rojas,Matheus Araújo,Felipe Augusto,,,,,,,
327,D,CORINTHIANS,1,2,INTERNACIONAL,02/12/2023,BRASILEIRO,Cássio,Fagner,Gil,Lucas Veríssimo,Fábio Santos,Gabriel Moscardo,Maycon,Renato Augusto,Giuliano,Romero,Giovane,Matheus Araújo,Wesley,Matheus Bidu,Pedro,Felipe Augusto,,,,,,,
328,V,CORINTHIANS,1,0,GUARANI,21/01/2024,PAULISTA,Cássio,Fagner,Félix Torres,Caetano,Hugo,Raniele,Maycon,Matheus Araújo,Matías Rojas,Romero,Yuri Alberto,Wesley,Fausto,Gustavo Silva,Yago Kauã,,,,,,,,
329,D,CORINTHIANS,1,2,SÃO PAULO,30/01/2024,PAULISTA,Cássio,Fagner,Félix Torres,Caetano,Hugo,Raniele,Maycon,Fausto,Matías Rojas,Romero,Yuri Alberto,Raul Gustavo,Wesley,Kayke,Arthur Sousa,Ryan Gustavo,,,,,,,
330,D,CORINTHIANS,1,3,GRÊMIO NOVORIZONTINO,04/02/2024,PAULISTA,Cássio,Fagner,Félix Torres,Raul Gustavo,Hugo,Raniele,Maycon,Matheus Araújo,Gustavo Silva,Romero,Pedro Raul,Fausto,Yuri Alberto,Matías Rojas,Wesley,Léo Mana,,,,,,,
331,V,CORINTHIANS,2,0,PORTUGUESA,11/02/2024,PAULISTA,Cássio,Fagner,Félix Torres,Raul Gustavo,Caetano,Raniele,Maycon,Rodrigo Garro,Wesley,Pedro Raul,Yuri Alberto,Matías Rojas,Gustavo Silva,Ryan Gustavo,Fausto,Hugo,,,,,,,
332,D,CORINTHIANS,0,1,PONTE PRETA,25/02/2024,PAULISTA,Carlos Miguel,Fagner,Félix Torres,Gustavo Henrique,Hugo,Raniele,Maycon,Rodrigo Garro,Wesley,Romero,Yuri Alberto,Matías Rojas,Pedro Henrique Konzen,Guilherme Biro,Matheuzinho,Gustavo Silva,,,,,,,
333,V,CORINTHIANS,3,2,SANTO ANDRÉ,02/03/2024,PAULISTA,Cássio,Fagner,Félix Torres,Gustavo Henrique,Hugo,Raniele,Maycon,Rodrigo Garro,Wesley,Romero,Yuri Alberto,Fausto,Pedro Henrique Konzen,Igor Coronado,Pedro Raul,Gustavo Silva,,,,,,,
334,V,CORINTHIANS,4,0,NACIONAL (PAR),09/04/2024,SULAMERICANA,Cássio,Fagner,Félix Torres,Gustavo Henrique,Hugo,Raniele,Fausto,Rodrigo Garro,Wesley,Romero,Yuri Alberto,Matheuzinho,Paulinho,Pedro Henrique Konzen,Igor Coronado,Pedro Raul,,,,,,,
335,E,CORINTHIANS,0,0,ATLÉTICO (MG),14/04/2024,BRASILEIRO,Cássio,Fagner,Félix Torres,Gustavo Henrique,Hugo,Raniele,Fausto,Rodrigo Garro,Wesley,Romero,Yuri Alberto,Matheuzinho,Paulinho,Maycon,Igor Coronado,Pedro Raul,,,,,,,
336,V,CORINTHIANS,3,0,FLUMINENSE,28/04/2024,BRASILEIRO,Carlos Miguel,Fagner,Félix Torres,Cacá,Hugo,Raniele,Breno Bidon,Rodrigo Garro,Wesley,Romero,Pedro Henrique Konzen,Gustavo Silva,Matheus Bidu,Paulinho,Matheuzinho,Guilherme Biro,,,,,,,
337,E,CORINTHIANS,0,0,FORTALEZA,04/05/2024,BRASILEIRO,Carlos Miguel,Fagner,Félix Torres,Cacá,Hugo,Raniele,Breno Bidon,Rodrigo Garro,Wesley,Romero,Gustavo Silva,Matheuzinho,Pedro Raul,Giovane,Paulinho,Fausto,,,,,,,
338,V,CORINTHIANS,4,0,ARGENTINOS JUNIORS,14/05/2024,SULAMERICANA,Carlos Miguel,Fagner,Félix Torres,Cacá,Hugo,Raniele,Breno Bidon,Rodrigo Garro,Wesley,Romero,Yuri Alberto,Gustavo Henrique,Gustavo Silva,Igor Coronado,Pedro Raul,Fausto,,,,,,,
339,V,CORINTHIANS,2,1,AMÉRICA (RN),22/05/2024,COPA DO BRASIL,Carlos Miguel,Fagner,Félix Torres,Cacá,Hugo,Raniele,Breno Bidon,Rodrigo Garro,Wesley,Romero,Yuri Alberto,Igor Coronado,Gustavo Silva,Pedro Raul,Paulinho,Fausto,,,,,,,
340,V,CORINTHIANS,3,0,RACING (URU),28/05/2024,SULAMERICANA,Carlos Miguel,Fagner,Félix Torres,Cacá,Hugo,Raniele,Breno Bidon,Rodrigo Garro,Igor Coronado,Wesley,Yuri Alberto,Matheuzinho,Paulinho,Gustavo Silva,Romero,Pedro Raul,,,,,,,
341,D,CORINTHIANS,0,1,BOTAFOGO,01/06/2024,BRASILEIRO,Carlos Miguel,Matheuzinho,Félix Torres,Cacá,Hugo,Raniele,Breno Bidon,Rodrigo Garro,Igor Coronado,Wesley,Yuri Alberto,Gustavo Silva,Romero,Fausto,,,,,,,,,
342,E,CORINTHIANS,2,2,SÃO PAULO,16/06/2024,BRASILEIRO,Carlos Miguel,Matheuzinho,Caetano,Cacá,Hugo,Raniele,Gabriel Moscardo,Gustavo Silva,Igor Coronado,Wesley,Yuri Alberto,Breno Bidon,Pedro Raul,João Pedro Tchoca,Giovane,Matheus Araújo,,,,,,,
343,E,CORINTHIANS,1,1,CUIABÁ,26/06/2024,BRASILEIRO,Matheus Donelli,Léo Mana,Caetano,Cacá,Hugo,Raniele,Breno Bidon,Rodrigo Garro,Igor Coronado,Wesley,Yuri Alberto,Pedro Raul,Matheuzinho,Gustavo Silva,Matheus Bidu,Kayke,,,,,,,
344,V,CORINTHIANS,3,2,VITÓRIA,04/07/2024,BRASILEIRO,Matheus Donelli,Matheuzinho,Gustavo Henrique,Cacá,Hugo,Raniele,Rodrigo Garro,Igor Coronado,Pedro Henrique Konzen,Wesley,Yuri Alberto,Romero,Matheus Araújo,Ryan Gustavo,Giovane,Léo Mana,,,,,,,
345,V,CORINTHIANS,2,1,CRICIÚMA,16/07/2024,BRASILEIRO,Hugo Souza,Matheuzinho,Gustavo Henrique,Cacá,Hugo,Raniele,Alex Santana,Rodrigo Garro,Wesley,Romero,Yuri Alberto,Igor Coronado,Félix Torres,Ryan Gustavo,Fagner,,,,,,,,
346,E,CORINTHIANS,2,2,GRÊMIO,25/07/2024,BRASILEIRO,Hugo Souza,Matheuzinho,Félix Torres,André Ramalho,Cacá,Raniele,Hugo,Ryan Gustavo,Rodrigo Garro,Romero,Yuri Alberto,Charles,Wesley,Igor Coronado,Pedro Raul,Pedro Henrique Konzen,,,,,,,
347,E,CORINTHIANS,0,0,GRÊMIO,31/07/2024,COPA DO BRASIL,Hugo Souza,Matheuzinho,Félix Torres,André Ramalho,Hugo,Raniele,Alex Santana,Charles,Rodrigo Garro,Romero,Yuri Alberto,Wesley,Giovane,Ryan Gustavo,Fagner,Pedro Henrique Konzen,,,,,,,
348,E,CORINTHIANS,1,1,JUVENTUDE,04/08/2024,BRASILEIRO,Hugo Souza,Fagner,Félix Torres,André Ramalho,Hugo,Raniele,Alex Santana,Igor Coronado,Rodrigo Garro,Wesley,Giovane,Pedro Henrique Konzen,Pedro Raul,Breno Bidon,Guilherme Biro,,,,,,,,
349,E,CORINTHIANS,1,1,BRAGANTINO,10/08/2024,BRASILEIRO,Hugo Souza,Fagner,Cacá,André Ramalho,Hugo,Raniele,Breno Bidon,Ryan Gustavo,Rodrigo Garro,Romero,Pedro Henrique Konzen,Giovane,Matheuzinho,Talles Magno,Wesley,Pedro Raul,,,,,,,
350,D,CORINTHIANS,1,2,BRAGANTINO,20/08/2024,SULAMERICANA,Hugo Souza,Fagner,Gustavo Henrique,André Ramalho,Cacá,Matheus Bidu,Ryan Gustavo,Charles,Igor Coronado,Rodrigo Garro,Giovane,Pedro Henrique Konzen,Matheuzinho,Breno Bidon,Wesley,,,,,,,,
351,V,CORINTHIANS,2,1,FLAMENGO,01/09/2024,BRASILEIRO,Hugo Souza,Fagner,Félix Torres,André Ramalho,Cacá,Matheus Bidu,José Martínez,Charles,Rodrigo Garro,Talles Magno,Héctor Hernández,Yuri Alberto,Romero,Raniele,Ryan Gustavo,,,,,,,,
352,V,CORINTHIANS,3,1,JUVENTUDE,11/09/2024,COPA DO BRASIL,Hugo Souza,Fagner,Gustavo Henrique,André Ramalho,Matheus Bidu,Raniele,Charles,Rodrigo Garro,Romero,Talles Magno,Yuri Alberto,Igor Coronado,Giovane,Léo Mana,Breno Bidon,Caetano,,,,,,,
353,V,CORINTHIANS,3,0,ATLÉTICO (GO),21/09/2024,BRASILEIRO,Hugo Souza,Fagner,Gustavo Henrique,Cacá,Matheus Bidu,José Martínez,Charles,Breno Bidon,Rodrigo Garro,Romero,Yuri Alberto,Igor Coronado,Memphis Depay,André Carrillo,Héctor Hernández,Talles Magno,,,,,,,
354,V,CORINTHIANS,3,0,FORTALEZA,24/09/2024,SULAMERICANA,Hugo Souza,Matheuzinho,Félix Torres,André Ramalho,Hugo,José Martínez,André Carrillo,Breno Bidon,Igor Coronado,Romero,Yuri Alberto,Memphis Depay,Rodrigo Garro,Ryan Gustavo,Pedro Henrique Konzen,Charles,,,,,,,
355,E,CORINTHIANS,2,2,INTERNACIONAL,05/10/2024,BRASILEIRO,Hugo Souza,Matheuzinho,Gustavo Henrique,Cacá,Matheus Bidu,José Martínez,André Carrillo,Breno Bidon,Rodrigo Garro,Memphis Depay,Yuri Alberto,Charles,Igor Coronado,Hugo,Félix Torres,Raniele,,,,,,,
356,V,CORINTHIANS,5,2,ATHLETICO,17/10/2024,BRASILEIRO,Hugo Souza,Matheuzinho,Cacá,André Ramalho,Matheus Bidu,José Martínez,André Carrillo,Breno Bidon,Rodrigo Garro,Memphis Depay,Yuri Alberto,Romero,Charles,Talles Magno,Raniele,Igor Coronado,,,,,,,
357,E,CORINTHIANS,0,0,FLAMENGO,20/10/2024,COPA DO BRASIL,Hugo Souza,Matheuzinho,Gustavo Henrique,André Ramalho,Matheus Bidu,José Martínez,Charles,Rodrigo Garro,Romero,Talles Magno,Yuri Alberto,Félix Torres,André Carrillo,Igor Coronado,Giovane,Pedro Henrique Konzen,,,,,,,
358,E,CORINTHIANS,2,2,RACING,24/10/2024,SULAMERICANA,Hugo Souza,Fagner,Cacá,André Ramalho,Matheus Bidu,José Martínez,André Carrillo,Charles,Rodrigo Garro,Memphis Depay,Yuri Alberto,Romero,Alex Santana,Breno Bidon,Matheuzinho,Igor Coronado,,,,,,,
359,V,CORINTHIANS,2,0,PALMEIRAS,04/11/2024,BRASILEIRO,Hugo Souza,Matheuzinho,Gustavo Henrique,André Ramalho,Félix Torres,Hugo,José Martínez,Alex Santana,Rodrigo Garro,Memphis Depay,Yuri Alberto,Raniele,André Carrillo,Breno Bidon,Matheus Bidu,Romero,,,,,,,
360,V,CORINTHIANS,2,1,CRUZEIRO,20/11/2024,BRASILEIRO,Hugo Souza,Matheuzinho,Gustavo Henrique,André Ramalho,Matheus Bidu,Raniele,André Carrillo,Breno Bidon,Rodrigo Garro,Memphis Depay,Yuri Alberto,Talles Magno,Alex Santana,Igor Coronado,Charles,Pedro Raul,,,,,,,
361,V,CORINTHIANS,3,1,VASCO DA GAMA,24/11/2024,BRASILEIRO,Hugo Souza,Matheuzinho,Gustavo Henrique,André Ramalho,Matheus Bidu,Raniele,André Carrillo,Breno Bidon,Rodrigo Garro,Talles Magno,Romero,Igor Coronado,Pedro Raul,Pedro Henrique Konzen,Alex Santana,Charles,,,,,,,
362,V,CORINTHIANS,3,0,BAHIA,03/12/2024,BRASILEIRO,Hugo Souza,Matheuzinho,Gustavo Henrique,André Ramalho,Matheus Bidu,Raniele,André Carrillo,Breno Bidon,Rodrigo Garro,Memphis Depay,Yuri Alberto,Romero,Igor Coronado,Alex Santana,José Martínez,Talles Magno,,,,,,,
363,V,CORINTHIANS,2,1,VELO CLUBE,19/01/2025,PAULISTA,Matheus Donelli,Matheuzinho,Cacá,André Ramalho,Matheus Bidu,Raniele,André Carrillo,Ryan Gustavo,Igor Coronado,Romero,Yuri Alberto,Alex Santana,Talles Magno,Memphis Depay,Pedro Raul,José Martínez,,,,,,,
364,V,CORINTHIANS,2,1,ÁGUA SANTA,22/01/2025,PAULISTA,Matheus Donelli,Léo Mana,Félix Torres,João Pedro Tchoca,Hugo,José Martínez,Alex Santana,Charles,Igor Coronado,Talles Magno,Pedro Raul,Memphis Depay,Ryan Gustavo,Diego Palacios,André Carrillo,Yuri Alberto,,,,,,,
365,V,CORINTHIANS,2,1,NOROESTE,01/02/2025,PAULISTA,Hugo Souza,Léo Mana,Cacá,André Ramalho,Matheus Bidu,Raniele,André Carrillo,Igor Coronado,Romero,Memphis Depay,Talles Magno,Yuri Alberto,Charles,Diego Palacios,Luiz Eduardo,Héctor Hérnandez,,,,,,,
366,V,CORINTHIANS,2,0,SÃO BERNARDO,09/02/2025,PAULISTA,Hugo Souza,Matheuzinho,Félix Torres,João Pedro Tchoca,Matheus Bidu,Raniele,José Martínez,Ryan Gustavo,Igor Coronado,Romero,Pedro Raul,Rodrigo Garro,Memphis Depay,André Carrillo,Maycon,Hugo,,,,,,,
367,V,CORINTHIANS,2,1,SANTOS,12/02/2025,PAULISTA,Hugo Souza,Matheuzinho,João Pedro Tchoca,André Ramalho,Hugo,Raniele,José Martínez,André Carrillo,Rodrigo Garro,Memphis Depay,Yuri Alberto,Ryan Gustavo,Alex Santana,Romero,Léo Mana,Talles Magno,,,,,,,
368,E,CORINTHIANS,2,2,GUARANI,23/02/2025,PAULISTA,Hugo Souza,Léo Mana,Félix Torres,Cacá,Matheus Bidu,Maycon,Charles,Igor Coronado,Romero,Talles Magno,Héctor Hernández,Yuri Alberto,Memphis Depay,Rodrigo Garro,Breno Bidon,Alex Santana,,,,,,,
369,V,CORINTHIANS,3,2,UNIVERSIDAD CENTRAL,26/02/2025,LIBERTADORES,Hugo Souza,Matheuzinho,João Pedro Tchoca,André Ramalho,Matheus Bidu,José Martínez,Breno Bidon,André Carrillo,Rodrigo Garro,Memphis Depay,Yuri Alberto,Romero,Talles Magno,Alex Santana,Hugo,,,,,,,,
370,V,CORINTHIANS,2,0,MIRASSOL,02/03/2025,PAULISTA,Hugo Souza,Matheuzinho,Félix Torres,Gustavo Henrique,Matheus Bidu,José Martínez,Breno Bidon,André Carrillo,Romero,Memphis Depay,Yuri Alberto,Maycon,Angileri,Rodrigo Garro,Talles Magno,Alex Santana,,,,,,,
371,V,CORINTHIANS,2,1,SANTOS,09/03/2025,PAULISTA,Hugo Souza,Matheuzinho,Félix Torres,Gustavo Henrique,Angileri,Raniele,José Martínez,André Carrillo,Rodrigo Garro,Memphis Depay,Yuri Alberto,Breno Bidon,Matheus Bidu,Romero,Ryan Gustavo,Alex Santana,,,,,,,
372,V,CORINTHIANS,2,0,BARCENOLA DE GUAYAQUIL,12/03/2025,LIBERTADORES,Hugo Souza,Matheuzinho,Félix Torres,Gustavo Henrique,Matheus Bidu,Raniele,José Martínez,André Carrillo,Rodrigo Garro,Memphis Depay,Yuri Alberto,Romero,Talles Magno,Breno Bidon,,,,,,,,,
373,E,CORINTHIANS,0,0,PALMEIRAS,27/03/2025,PAULISTA,Hugo Souza,Matheuzinho,Félix Torres,Gustavo Henrique,Angileri,Raniele,José Martínez,André Carrillo,Rodrigo Garro,Memphis Depay,Yuri Alberto,André Ramalho,Ryan Gustavo,Charles,Romero,,,,,,,,
374,D,CORINTHIANS,1,2,HURACÁN,02/04/2025,SULAMERICANA,Matheus Donelli,Matheuzinho,Félix Torres,Gustavo Henrique,Matheus Bidu,Raniele,José Martínez,André Carrillo,Romero,Memphis Depay,Yuri Alberto,Giovane,Talles Magno,André Ramalho,Breno Bidon,Igor Coronado,,,,,,,
375,V,CORINTHIANS,3,0,VASCO DA GAMA,05/04/2025,BRASILEIRO,Matheus Donelli,Matheuzinho,Félix Torres,André Ramalho,Matheus Bidu,Raniele,Breno Bidon,André Carrillo,Igor Coronado,Memphis Depay,Yuri Alberto,José Martínez,Romero,Maycon,Héctor Hernández,,,,,,,,
376,D,CORINTHIANS,0,2,FLUMINENSE,16/04/2025,BRASILEIRO,Matheus Donelli,Matheuzinho,Félix Torres,Gustavo Henrique,Angileri,Raniele,Breno Bidon,André Carrillo,Romero,Memphis Depay,Yuri Alberto,Talles Magno,José Martínez,Maycon,Héctor Hernández,,,,,,,,
377,V,CORINTHIANS,2,1,SPORT,19/04/2025,BRASILEIRO,Matheus Donelli,Léo Mana,Félix Torres,Gustavo Henrique,Angileri,Raniele,Breno Bidon,André Carrillo,Romero,Memphis Depay,Yuri Alberto,Alex Santana,Maycon,Ryan Gustavo,Dieguinho,Héctor Hérnandez,,,,,,,
378,V,CORINTHIANS,1,0,RACING (URU),24/04/2025,SULAMERICANA,Hugo Souza,Matheuzinho,Félix Torres,Gustavo Henrique,Angileri,Raniele,Breno Bidon,André Carrillo,Romero,Memphis Depay,Yuri Alberto,José Martínez,Maycon,Igor Coronado,Charles,,,,,,,,
379,V,CORINTHIANS,4,2,INTERNACIONAL,03/05/2025,BRASILEIRO,Hugo Souza,Matheuzinho,Cacá,André Ramalho,Hugo,Raniele,José Martínez,André Carrillo,Romero,Memphis Depay,Yuri Alberto,Matheus Bidu,Maycon,Talles Magno,Igor Coronado,Charles,,,,,,,
380,E,CORINTHIANS,1,1,AMÉRICA DE CALI,06/05/2025,SULAMERICANA,Hugo Souza,Léo Mana,Cacá,André Ramalho,Angileri,José Martínez,Breno Bidon,André Carrillo,Maycon,Memphis Depay,Yuri Alberto,Charles,Talles Magno,Igor Coronado,Héctor Hernández,Romero,,,,,,,
381,V,CORINTHIANS,1,0,SANTOS,18/05/2025,BRASILEIRO,Hugo Souza,Félix Torres,Cacá,André Ramalho,Angileri,José Martínez,Breno Bidon,André Carrillo,Maycon,Igor Coronado,Yuri Alberto,Romero,Raniele,Ryan Gustavo,Talles Magno,,,,,,,,
382,V,CORINTHIANS,1,0,GRÊMIO NOVORIZONTINO,21/05/2025,COPA DO BRASIL,Hugo Souza,Félix Torres,Cacá,André Ramalho,Angileri,Raniele,Breno Bidon,Maycon,Igor Coronado,Romero,Yuri Alberto,Talles Magno,André Carrillo,José Martínez,Charles,,,,,,,,
383,E,CORINTHIANS,0,0,VITÓRIA,01/06/2025,BRASILEIRO,Hugo Souza,Matheuzinho,Cacá,André Ramalho,Matheus Bidu,Raniele,Breno Bidon,Maycon,Talles Magno,Memphis Depay,Héctor Hernández,José Martínez,Rodrigo Garro,Romero,Gui Negão,Ryan Gustavo,,,,,,,
384,D,CORINTHIANS,1,2,BRAGANTINO,14/07/2025,BRASILEIRO,Hugo Souza,Matheuzinho,Cacá,Gustavo Henrique,Matheus Bidu,Raniele,José Martínez,André Carrillo,Rodrigo Garro,Memphis Depay,Romero,Talles Magno,Ryan Gustavo,Angileri,Gui Negão,,,,,,,,
385,E,CORINTHIANS,0,0,CRUZEIRO,23/07/2025,BRASILEIRO,Hugo Souza,Matheuzinho,Gustavo Henrique,André Ramalho,Matheus Bidu,José Martínez,Breno Bidon,Charles,Rodrigo Garro,Memphis Depay,Talles Magno,Romero,André Carrillo,Kayke,,,,,,,,,
386,V,CORINTHIANS,1,0,PALMEIRAS,30/07/2025,COPA DO BRASIL,Hugo Souza,Matheuzinho,Gustavo Henrique,André Ramalho,Matheus Bidu,Raniele,José Martínez,André Carrillo,Rodrigo Garro,Memphis Depay,Yuri Alberto,Breno Bidon,Angileri,Charles,,,,,,,,,
387,E,CORINTHIANS,1,1,FORTALEZA,03/08/2025,BRASILEIRO,Hugo Souza,Félix Torres,Cacá,André Ramalho,Angileri,Ryan,Charles,Dieguinho,Breno Bidon,Romero,Talles Magno,Yuri Alberto,Memphis Depay,Rodrigo Garro,Matheuzinho,André Carrillo,,,,,,,
388,D,CORINTHIANS,1,2,BAHIA,16/08/2025,BRASILEIRO,Hugo Souza,Matheuzinho,Gustavo Henrique,André Ramalho,Matheus Bidu,Raniele,José Martínez,Breno Bidon,Rodrigo Garro,Kayke,Gui Negão,Talles Magno,Vitinho,Dieguinho,Bahia,Ryan Gustavo,,,,,,,
389,E,CORINTHIANS,1,1,PALMEIRAS,31/08/2025,BRASILEIRO,Hugo Souza,Charles,Gustavo Henrique,André Ramalho,Angileri,Raniele,Breno Bidon,Maycon,Rodrigo Garro,Memphis Depay,Gui Negão,João Pedro Tchoca,Cacá,Vitinho,Ryan Gustavo,Talles Magno,,,,,,,
390,V,CORINTHIANS,2,0,ATHLETICO,10/09/2025,COPA DO BRASIL,Hugo Souza,Matheuzinho,João Pedro Tchoca,Gustavo Henrique,Angileri,Matheus Bidu,Maycon,Breno Bidon,Rodrigo Garro,Memphis Depay,Gui Negão,Vitinho,Yuri Alberto,Ryan Gustavo,Charles,,,,,,,,
391,D,CORINTHIANS,1,2,FLAMENGO,28/09/2025,BRASILEIRO,Hugo Souza,Matheuzinho,João Pedro Tchoca,Gustavo Henrique,Matheus Bidu,Raniele,José Martínez,Breno Bidon,Maycon,Gui Negão,Yuri Alberto,Angileri,Talles Magno,Cacá,Ryan Gustavo,Vitinho,,,,,,,
392,V,CORINTHIANS,3,0,MIRASSOL,04/10/2025,BRASILEIRO,Hugo Souza,Matheuzinho,João Pedro Tchoca,Gustavo Henrique,Matheus Bidu,Raniele,José Martínez,Breno Bidon,Maycon,Gui Negão,Yuri Alberto,Vitinho,André Luiz,Memphis Depay,Angileri,Ryan Gustavo,,,,,,,
393,V,CORINTHIANS,1,0,ATLÉTICO (MG),18/10/2025,BRASILEIRO,Hugo Souza,Matheuzinho,João Pedro Tchoca,Cacá,Matheus Bidu,Raniele,Maycon,Breno Bidon,Rodrigo Garro,Memphis Depay,Yuri Alberto,Gui Negão,Ryan Gustavo,Romero,Charles,Angileri,,,,,,,
394,V,CORINTHIANS,2,0,GRÊMIO,02/11/2025,BRASILEIRO,Hugo Souza,Matheuzinho,João Pedro Tchoca,Gustavo Henrique,Angileri,Matheus Bidu,Maycon,André Carrillo,Rodrigo Garro,Memphis Depay,Yuri Alberto,Ryan Gustavo,Gui Negão,Hugo,Charles,Dieguinho,,,,,,,
395,D,CORINTHIANS,0,1,CEARÁ,09/11/2025,BRASILEIRO,Felipe Longo,Matheuzinho,André Ramalho,Gustavo Henrique,Matheus Bidu,Maycon,Breno Bidon,Dieguinho,Rodrigo Garro,Memphis Depay,Yuri Alberto,Gui Negão,Romero,Talles Magno,,,,,,,,,
396,V,CORINTHIANS,3,1,SÃO PAULO,20/11/2025,BRASILEIRO,Felipe Longo,Matheuzinho,João Pedro Tchoca,Gustavo Henrique,Angileri,Matheus Bidu,José Martínez,André Carrillo,Breno Bidon,Gui Negão,Yuri Alberto,Vitinho,Memphis Depay,André Luiz,Romero,Charles,,,,,,,
397,E,CORINTHIANS,2,2,BOTAFOGO,30/11/2025,BRASILEIRO,Hugo Souza,Matheuzinho,João Pedro Tchoca,Gustavo Henrique,Matheus Bidu,Raniele,Breno Bidon,André Carrillo,Dieguinho,Rodrigo Garro,Yuri Alberto,Maycon,André Luiz,Gui Negão,Vitinho,Angileri,,,,,,,
398,E,CORINTHIANS,1,1,JUVENTUDE,07/12/2025,BRASILEIRO,Kauê,Félix Torres,João Pedro Tchoca,Angileri,Hugo,José Martínez,Charles,André Carrillo,Talles Magno,Kayke,Romero,Raniele,Matheuzinho,Memphis Depay,Dieguinho,André Luiz,,,,,,,
399,D,CORINTHIANS,1,2,CRUZEIRO,14/12/2025,COPA DO BRASIL,Hugo Souza,Matheuzinho,André Ramalho,Gustavo Henrique,Matheus Bidu,José Martínez,Breno Bidon,André Carrillo,Maycon,Memphis Depay,Yuri Alberto,Rodrigo Garro,Raniele,Vitinho,,,,,,,,,
400,E,CORINTHIANS,0,0,VASCO DA GAMA,17/12/2025,COPA DO BRASIL,Hugo Souza,Matheuzinho,André Ramalho,Gustavo Henrique,Matheus Bidu,José Martínez,Breno Bidon,Raniele,Rodrigo Garro,Memphis Depay,Yuri Alberto,Maycon,André Carrillo,Vitinho,André Luiz,Dieguinho,,,,,,,