GOL,JOGO,JOGADOR,ASSISTENCIA,MINUTO,TEMPO,SETOR,AREA,ESTILO,TIT/RES,RES,PLACAR,ADVERSÁRIO,CAMPEONATO,DATA,DIA-SEMANA,HORA,LINK,,,,,,,,
1,1,Giovanni Augusto,Guilherme Lazaroni,58,2T,Norte,DA,Pé Direito,TITULAR,D,0 x 1,Figueirense,Brasileiro,18/05/2014,DOM,16:00,https://www.youtube.com/watch?v=PdCA6y_mnxU,,,,,,,,
2,2,Edilson,Daniel Côrrea,87,2T,Norte,DA,Pé Direito,TITULAR,E,1 x 1,Botafogo,Brasileiro,01/06/2014,DOM,16:00,https://www.youtube.com/watch?v=uBZTPBOsYh4,,,,,,,,
3,3,Cláudio Winck,Wellington Silva,90+1,2T,Sul,DA,Cabeça,RESERVA,V,2 x 1,Internacional,Brasileiro,17/07/2014,QUI,19:30,https://www.youtube.com/watch?v=ueyaq-24FY8,,,,,,,,
4,6,Kieza,Emanuel Biancucchi,36,1T,Norte,DA,Cabeça,TITULAR,E,1 x 1,Bahia,Brasileiro,16/08/2014,SÁB,21:00,https://www.youtube.com/watch?v=sJUSPUOvvTc,,,,,,,,
5,7,Thiago Mendes,David França,11,1T,Norte,FA,Pé Direito,TITULAR,V,5 x 2,Goiás,Brasileiro,21/08/2014,QUI,19:30,https://www.youtube.com/watch?v=wxuubAKTJw4,,,,,,,,
6,7,Jackson Souza,Lima,60,2T,Sul,DA,Cabeça,TITULAR,V,5 x 2,Goiás,Brasileiro,21/08/2014,QUI,19:30,https://www.youtube.com/watch?v=wxuubAKTJw4,,,,,,,,
7,8,Fred,(Pênalti),43,1T,Norte,DA,Pé Direito,TITULAR,E,1 x 1,Fluminense,Brasileiro,31/08/2014,DOM,16:00,https://www.youtube.com/watch?v=DfukbGx49Mw,,,,,,,,
8,9,Guilherme Mattis,Geandro,90,2T,Sul,DA,Cabeça,TITULAR,V,3 x 1,Bragantino,Copa do Brasil,03/09/2014,QUA,22:00,https://www.youtube.com/watch?v=bPw_kThZkdc,,,,,,,,
9,11,(GC) Ferrugem,(GC),50,2T,Sul,DA,Pé Direito,(GC),E,1 x 1,Chapecoense,Brasileiro,18/09/2014,QUI,19:30,https://www.youtube.com/watch?v=Nn_-ZtdTytw,,,,,,,,
10,12,Souza,Rafael Tolói,6,1T,Norte,DA,Pé Esquerdo,TITULAR,V,3 x 2,São Paulo,Brasileiro,21/09/2014,DOM,16:00,https://www.youtube.com/watch?v=GfHhIms19ys,,,,,,,,
11,12,Édson Silva,Kaká,45,1T,Norte,DA,Pé Esquerdo,TITULAR,V,3 x 2,São Paulo,Brasileiro,21/09/2014,DOM,16:00,https://www.youtube.com/watch?v=GfHhIms19ys,,,,,,,,
12,15,Robinho,X,25,1T,Norte,DA,Pé Esquerdo,TITULAR,E,2 x 2,Coritiba,Brasileiro,01/11/2014,SÁB,21:30,https://www.youtube.com/watch?v=c9AQcDBNe5k,,,,,,,,
13,15,Alex,Joel Tagueu,32,1T,Norte,FA,Pé Esquerdo,TITULAR,E,2 x 2,Coritiba,Brasileiro,01/11/2014,SÁB,21:30,https://www.youtube.com/watch?v=c9AQcDBNe5k,,,,,,,,
14,18,Róger Guedes,Lucca,61,2T,Sul,DA,Pé Direito,TITULAR,V,2 x 1,Criciúma,Brasileiro,06/12/2014,SÁB,16:30,https://www.youtube.com/watch?v=h-qRoog_Mio,,,,,,,,
15,22,Rodrigo Andrade,Dênis,46,2T,Sul,DA,Pé Direito,TITULAR,V,2 x 1,Botafogo (SP),Paulista,14/02/2015,SÁB,17:00,https://www.youtube.com/watch?v=Yrn1viwMbtI,,,,,,,,
16,28,Crislan,X,75,2T,Sul,DA,Pé Esquerdo,RESERVA,V,5 x 3,Penapolense,Paulista,26/03/2015,QUI,19:30,https://www.youtube.com/watch?v=mG4ii0N87ZI,,,,,,,,
17,28,Crislan,João Lucas,79,2T,Sul,DA,Pé Direito,RESERVA,V,5 x 3,Penapolense,Paulista,26/03/2015,QUI,19:30,https://www.youtube.com/watch?v=mG4ii0N87ZI,,,,,,,,
18,28,Luiz Gustavo Domingues,Rodrigo Souza,90,2T,Sul,DA,Cabeça,TITULAR,V,5 x 3,Penapolense,Paulista,26/03/2015,QUI,19:30,https://www.youtube.com/watch?v=mG4ii0N87ZI,,,,,,,,
19,30,Ricardo Oliveira,Chiquinho,58,2T,Sul,DA,Cabeça,TITULAR,E,1 x 1,Santos,Paulista,05/04/2015,DOM,16:00,https://www.youtube.com/watch?v=661LPakJZzg,,,,,,,,
20,33,Victor Ramos,X,14,1T,Norte,DA,Pé Direito,TITULAR,E,2 x 2,Palmeiras,Paulista,19/04/2015,DOM,16:00,https://www.youtube.com/watch?v=weoT-FvGNtI,,,,,,,,
21,33,Rafael Marques,Dudu,75,2T,Sul,DA,Cabeça,TITULAR,E,2 x 2,Palmeiras,Paulista,19/04/2015,DOM,16:00,https://www.youtube.com/watch?v=weoT-FvGNtI,,,,,,,,
22,34,Fernando Fernández,Iván González,90+2,2T,Sul,DA,Pé Direito,RESERVA,D,0 x 1,Guaraní (PAR),Libertadores,13/05/2015,QUA,22:00,https://www.youtube.com/watch?v=Y3CFEH9AYOE,,,,,,,,
23,35,Rafael Marques,Kelvin,25,1T,Sul,DA,Cabeça,TITULAR,D,0 x 2,Palmeiras,Brasileiro,31/05/2015,DOM,16:00,https://www.youtube.com/watch?v=a_VI3-qMpeU,,,,,,,,
24,35,Zé Roberto,X,45+2,1T,Sul,DA,Cabeça,TITULAR,D,0 x 2,Palmeiras,Brasileiro,31/05/2015,DOM,16:00,https://www.youtube.com/watch?v=a_VI3-qMpeU,,,,,,,,
25,36,Nilmar,Rafael Moura,41,1T,Sul,DA,Pé Direito,TITULAR,V,2 x 1,Internacional,Brasileiro,13/06/2015,SÁB,16:30,https://www.youtube.com/watch?v=9hBRVRRHQwc,,,,,,,,
26,37,Thiago Santana,Clayton,73,2T,Sul,DA,Pé Direito,RESERVA,V,2 x 1,Figueirense,Brasileiro,27/06/2015,SÁB,21:00,https://www.youtube.com/watch?v=M0jAu5mghqo,,,,,,,,
27,42,André,Marlone,17,1T,Norte,DA,Cabeça,TITULAR,V,4 x 3,Sport,Brasileiro,12/08/2015,QUA,22:00,https://www.youtube.com/watch?v=A6tzQ35pP3Y,,,,,,,,
28,42,Hernane,X,72,2T,Sul,DA,Pé Direito,RESERVA,V,4 x 3,Sport,Brasileiro,12/08/2015,QUA,22:00,https://www.youtube.com/watch?v=A6tzQ35pP3Y,,,,,,,,
29,42,Hernane,Diego Souza,77,2T,Sul,DA,Pé Esquerdo,RESERVA,V,4 x 3,Sport,Brasileiro,12/08/2015,QUA,22:00,https://www.youtube.com/watch?v=A6tzQ35pP3Y,,,,,,,,
30,44,Gabriel,Geuvânio,15,1T,Sul,DA,Pé Direito,TITULAR,D,1 x 2,Santos,Copa do Brasil,26/08/2015,QUA,22:00,https://www.youtube.com/watch?v=b0bgG4z322A,,,,,,,,
31,44,Ricardo Oliveira,Marquinhos Gabriel,65,2T,Norte,DA,Pé Esquerdo,TITULAR,D,1 x 2,Santos,Copa do Brasil,26/08/2015,QUA,22:00,https://www.youtube.com/watch?v=b0bgG4z322A,,,,,,,,
32,46,Bobô,Marcelo Oliveira,59,2T,Sul,DA,Pé Direito,TITULAR,E,1 x 1,Grêmio,Brasileiro,09/09/2015,QUA,22:00,https://www.youtube.com/watch?v=QcIVGo-tDKo,,,,,,,,
33,51,Negueba,Carlinhos,47,2T,Norte,DA,Pé Direito,TITULAR,V,2 x 1,Coritiba,Brasileiro,07/11/2015,SÁB,19:30,https://www.youtube.com/watch?v=_5xHVmW16Bc,,,,,,,,
34,52,Carlinhos,Alan Kardec,70,2T,Sul,DA,Pé Esquerdo,TITULAR,V,6 x 1,São Paulo,Brasileiro,22/11/2015,DOM,17:00,https://www.youtube.com/watch?v=hlQuNkaq4DM,,,,,,,,
35,53,Claudinei,Nino Paraíba,47,2T,Sul,DA,Cabeça,TITULAR,E,1 x 1,Avaí,Brasileiro,06/12/2015,DOM,17:00,https://www.youtube.com/watch?v=G_fW5Z3hVd4,,,,,,,,
36,55,Marlon,Rogerinho,30,1T,Norte,DA,Cabeça,TITULAR,V,2 x 1,Capivariano,Paulista,11/02/2016,QUI,21:00,https://www.youtube.com/watch?v=08TyB00kIIU,,,,,,,,
37,62,Felipe Azevedo,X,31,1T,Norte,DA,Pé Direito,TITULAR,V,2 x 1,Ponte Preta,Paulista,30/03/2016,QUA,21:45,https://www.youtube.com/watch?v=PCuF1O7LU-8,,,,,,,,
38,66,Bruno Paulo,Yuri Oliveira,25,1T,Norte,FA,Pé Direito,TITULAR,E,2 x 2,Audax,Paulista,23/04/2016,SÁB,18:30,https://www.youtube.com/watch?v=f5gQcuw_bsU,,,,,,,,
39,66,Tchê Tchê,Yuri Oliveira,71,2T,Sul,FA,Pé Esquerdo,TITULAR,E,2 x 2,Audax,Paulista,23/04/2016,SÁB,18:30,https://www.youtube.com/watch?v=f5gQcuw_bsU,,,,,,,,
40,67,Nico López,X,5,1T,Norte,DA,Pé Esquerdo,TITULAR,E,2 x 2,Nacional,Paulista,04/05/2016,QUA,21:45,https://www.youtube.com/watch?v=ydXhqQEkaV0,,,,,,,,
41,67,Santiago Romero,X,57,2T,Sul,DA,Pé Direito,TITULAR,E,2 x 2,Nacional,Paulista,04/05/2016,QUA,21:45,https://www.youtube.com/watch?v=ydXhqQEkaV0,,,,,,,,
42,71,Negueba,Dodô,45+2,1T,Norte,DA,Pé Direito,TITULAR,V,2 x 1,Coritiba,Brasileiro,04/06/2016,SÁB,20:30,https://www.youtube.com/watch?v=iJYz2enTo9A,,,,,,,,
43,72,Leandrinho,Bruno Silva,28,1T,Norte,DA,Pé Direito,TITULAR,V,3 x 1,Botafogo,Brasileiro,19/06/2016,DOM,16:00,https://www.youtube.com/watch?v=3iDvsIVlCL8,,,,,,,,
44,73,Grafite,Arthur,52,2T,Sul,DA,Pé Esquerdo,TITULAR,V,2 x 1,Santa Cruz,Brasileiro,25/06/2016,SÁB,21:00,https://www.youtube.com/watch?v=84XXt0IfGYA,,,,,,,,
45,75,Cueva,(Pênalti),15,1T,Norte,DA,Pé Direito,TITULAR,E,1 x 1,São Paulo,Brasileiro,17/07/2016,DOM,16:00,https://www.youtube.com/watch?v=V2mvAZ5pu0s,,,,,,,,
46,76,Dodô,X,59,2T,Norte,FA,Pé Direito,TITULAR,E,1 x 1,Figueirense,Brasileiro,23/07/2016,SÁB,16:00,https://www.youtube.com/watch?v=geyqtiX4j5Q,,,,,,,,
47,77,(GC) Yago,(GC),43,1T,Norte,DA,Pé Direito,(GC),V,2 x 1,Vitória,Brasileiro,22/08/2016,SEG,20:00,https://www.youtube.com/watch?v=P9Pv_NZmVcE,,,,,,,,
48,79,Moisés,X,5,1T,Sul,DA,Cabeça,TITULAR,D,0 x 2,Palmeiras,Brasileiro,17/09/2016,SÁB,16:00,https://www.youtube.com/watch?v=HveHsIJEztU,,,,,,,,
49,79,Yerry Mina,Jean,76,2T,Norte,DA,Pé Direito,TITULAR,D,0 x 2,Palmeiras,Brasileiro,17/09/2016,SÁB,16:00,https://www.youtube.com/watch?v=HveHsIJEztU,,,,,,,,
50,81,Cícero,Magno Alves,90+4,2T,Sul,DA,Pé Esquerdo,TITULAR,D,0 x 1,Fluminense,Brasileiro,25/09/2016,DOM,16:00,https://www.youtube.com/watch?v=w9twiVQnZ2A,,,,,,,,
51,82,Robinho,Ramon Ábila,78,2T,Norte,DA,Pé Direito,TITULAR,V,2 x 1,Cruzeiro,Copa do Brasil,28/09/2016,QUA,21:45,https://www.youtube.com/watch?v=HSXMpLKVL6E,,,,,,,,
52,85,Bruno Rangel,(Pênalti),84,2T,Sul,DA,Pé Direito,TITULAR,E,1 x 1,Chapecoense,Brasileiro,29/10/2016,SÁB,16:30,https://www.youtube.com/watch?v=PVbm4UxaPBg,,,,,,,,
53,89,Edmilson,Leonardo,12,1T,Sul,DA,Pé Esquerdo,TITULAR,D,0 x 2,Santo André,Paulista,11/02/2017,SÁB,21:00,https://www.youtube.com/watch?v=fzaxX50mmDY,,,,,,,,
54,89,Claudinho,Deivid,67,2T,Norte,DA,Cabeça,RESERVA,D,0 x 2,Santo André,Paulista,11/02/2017,SÁB,21:00,https://www.youtube.com/watch?v=fzaxX50mmDY,,,,,,,,
55,93,Ricardo,Diogo Sodré,72,2T,Sul,FA,Pé Esquerdo,TITULAR,E,1 x 1,Luverdense,Copa do Brasil,16/03/2017,QUI,19:30,https://www.youtube.com/watch?v=3YqRPYJk4go,,,,,,,,
56,94,Guilherme Lazaroni,Luan Michel,90+2,2T,Sul,DA,Pé Esquerdo,RESERVA,E,1 x 1,Red Bull,Paulista,23/03/2017,QUI,17:00,https://www.youtube.com/watch?v=uzFpXGCJ75I,,,,,,,,
57,95,Thiago Humberto,Giovanni Pavani,75,2T,Norte,DA,Pé Esquerdo,TITULAR,V,3 x 1,Linense,Paulista,29/03/2017,QUA,21:45,https://www.youtube.com/watch?v=JbfCvTPV5XE,,,,,,,,
58,98,(GC) Fagner,(GC),72,2T,Sul,DA,Pé Direito,(GC),E,1 x 1,Internacional,Copa do Brasil,19/04/2017,QUA,21:45,https://www.youtube.com/watch?v=GtyhzhNZAYk,,,,,,,,
59,99,Lucas Pratto,Thiago Mendes,84,2T,Sul,DA,Pé Direito,TITULAR,E,1 x 1,São Paulo,Paulista,23/04/2017,DOM,16:00,https://www.youtube.com/watch?v=ffzTig4mfqU,,,,,,,,
60,100,Marllon,Ravanelli,86,2T,Sul,DA,Pé Esquerdo,TITULAR,E,1 x 1,Ponte Preta,Paulista,07/05/2017,DOM,16:00,https://www.youtube.com/watch?v=ILfkRO-QbjI,,,,,,,,
61,101,Wellington Paulista,X,56,2T,Sul,DA,Pé Direito,TITULAR,E,1 x 1,Chapecoense,Brasileiro,13/05/2017,SÁB,19:00,https://www.youtube.com/watch?v=8V5j_JQ2QaA,,,,,,,,
62,103,Gilberto,Júnior Tavares,18,1T,Norte,DA,Cabeça,TITULAR,V,3 x 2,São Paulo,Brasileiro,11/06/2017,DOM,16:00,https://www.youtube.com/watch?v=yPromFURfqY,,,,,,,,
63,103,Wellington Nem,Júnior Tavares,84,2T,Sul,DA,Pé Esquerdo,RESERVA,V,3 x 2,São Paulo,Brasileiro,11/06/2017,DOM,16:00,https://www.youtube.com/watch?v=yPromFURfqY,,,,,,,,
64,108,Jonathan,Otávio,38,1T,Norte,DA,Pé Direito,TITULAR,E,2 x 2,Athletico,Brasileiro,15/07/2017,SÁB,19:00,https://www.youtube.com/watch?v=zagU6TFVlj0,,,,,,,,
65,108,Otávio,Sidcley,82,2T,Sul,FA,Pé Direito,TITULAR,E,2 x 2,Athletico,Brasileiro,15/07/2017,SÁB,19:00,https://www.youtube.com/watch?v=zagU6TFVlj0,,,,,,,,
66,110,Réver,Juan,71,2T,Norte,DA,Pé Esquerdo,TITULAR,E,1 x 1,Flamengo,Brasileiro,30/07/2017,DOM,16:00,https://www.youtube.com/watch?v=KChGXJvgEF4,,,,,,,,
67,111,Thallyson,Sander,84,2T,Norte,FA,Pé Direito,TITULAR,V,3 x 1,Sport,Brasileiro,05/08/2017,SÁB,19:00,https://www.youtube.com/watch?v=KeW8IV92ATs,,,,,,,,
68,112,Tréllez,Neilton,12,1T,Norte,DA,Pé Direito,TITULAR,D,0 x 1,Vitória,Brasileiro,19/08/2017,SÁB,16:00,https://www.youtube.com/watch?v=ZZsYbKkzy2I,,,,,,,,
69,113,Gilvan,Bruno Pacheco,47,2T,Sul,DA,Cabeça,TITULAR,D,0 x 1,Atlético (GO),Brasileiro,26/08/2017,SÁB,19:00,https://www.youtube.com/watch?v=-1kNkAa6Ics,,,,,,,,
70,114,Enrique Triverio,X,74,2T,Sul,DA,Pé Direito,TITULAR,E,1 x 1,Racing,Sulamericana,13/09/2017,QUA,21:45,https://www.youtube.com/watch?v=ARWLgWdGl6Q,,,,,,,,
71,116,Henrique Almeida,Thiago Carleto,40,1T,Norte,DA,Cabeça,TITULAR,V,3 x 1,Coritiba,Brasileiro,11/10/2017,QUA,21:00,https://www.youtube.com/watch?v=3MyzFWzgQHg,,,,,,,,
72,118,Yerry Mina,Dudu,35,1T,Sul,DA,Cabeça,TITULAR,V,3 x 2,Palmeiras,Brasileiro,05/11/2017,DOM,17:00,https://www.youtube.com/watch?v=9vneE9syKaM,,,,,,,,
73,118,Moisés,X,68,2T,Norte,DA,Pé Direito,TITULAR,V,3 x 2,Palmeiras,Brasileiro,05/11/2017,DOM,17:00,https://www.youtube.com/watch?v=9vneE9syKaM,,,,,,,,
74,120,Henrique,Marcos Júnior,2,1T,Norte,DA,Cabeça,TITULAR,V,3 x 1,Fluminense,Brasileiro,15/11/2017,QUA,21:45,https://www.youtube.com/watch?v=yQR8jyTZb7s,,,,,,,,
75,121,Otero,(Falta),29,1T,Sul,FA,Pé Direito,TITULAR,E,2 x 2,Atlético (MG),Brasileiro,26/11/2017,DOM,17:00,https://www.youtube.com/watch?v=6f8DBKyEnb8,,,,,,,,
76,121,Fred,Otero,65,2T,Norte,DA,Cabeça,TITULAR,E,2 x 2,Atlético (MG),Brasileiro,26/11/2017,DOM,17:00,https://www.youtube.com/watch?v=6f8DBKyEnb8,,,,,,,,
77,122,João Paulo,Lucas Crispim,24,1T,Norte,DA,Cabeça,TITULAR,D,0 x 1,São Bento,Paulista,14/02/2018,QUA,21:45,https://www.youtube.com/watch?v=FyFVnbXaVK8,,,,,,,,
78,128,Borja,Willian,7,1T,Sul,DA,Pé Direito,TITULAR,D,0 x 1,Palmeiras,Paulista,31/03/2018,SÁB,16:30,https://www.youtube.com/watch?v=YQhb1okIJSY,,,,,,,,
79,129,Richard,Pedro,48,2T,Norte,DA,Pé Direito,TITULAR,V,2 x 1,Fluminense,Brasileiro,15/04/2018,DOM,16:00,https://www.youtube.com/watch?v=xfRmf54rJ6U,,,,,,,,
80,130,Martín Benítez,X,2,1T,Sul,DA,Pé Direito,TITULAR,D,1 x 2,Independiente,Libertadores,02/05/2018,QUA,21:45,https://www.youtube.com/watch?v=oPI4oqJC88A,,,,,,,,
81,130,(GC) Romero,(GC),25,1T,Sul,DA,Cabeça,(GC),D,1 x 2,Independiente,Libertadores,02/05/2018,QUA,21:45,https://www.youtube.com/watch?v=oPI4oqJC88A,,,,,,,,
82,131,Wescley,Élton,9,1T,Sul,FA,Pé Esquerdo,TITULAR,E,1 x 1,Ceará,Brasileiro,06/05/2018,DOM,11:00,https://www.youtube.com/watch?v=YERzo0N9HiI,,,,,,,,
83,132,André Lima,Guilherme Costa,77,2T,Sul,DA,Cabeça,RESERVA,V,3 x 1,Vitória,Copa do Brasil,10/05/2018,QUI,19:30,https://www.youtube.com/watch?v=iZD2BzwMtCg,,,,,,,,
84,134,César Carrilo,X,73,2T,Sul,FA,Pé Direito,RESERVA,D,0 x 1,Millonarios,Libertadores,24/05/2018,QUI,21:30,https://www.youtube.com/watch?v=u-JLbzISIoU,,,,,,,,
85,136,Victor Ferraz,Rodrigo,75,2T,Sul,DA,Cabeça,TITULAR,E,1 x 1,Santos,Brasileiro,06/06/2018,QUA,21:00,https://www.youtube.com/watch?v=x_vqf3hPMGI,,,,,,,,
86,138,Léo Moura,X,5,1T,Norte,DA,Pé Direito,TITULAR,V,2 x 1,Grêmio,Amistoso,08/07/2018,DOM,11:00,https://www.youtube.com/watch?v=N1quuJ8SVCo,,,,,,,,
87,139,Henrique Lima,Rafael Sóbis,15,1T,Norte,DA,Cabeça,TITULAR,E,2 x 2,Cruzeiro,Amistoso,11/07/2018,QUA,20:00,https://www.youtube.com/watch?v=fklLZr9Igfw,,,,,,,,
88,139,Rafael Sóbis,Rafinha,24,1T,Norte,DA,Cabeça,TITULAR,E,2 x 2,Cruzeiro,Amistoso,11/07/2018,QUA,20:00,https://www.youtube.com/watch?v=fklLZr9Igfw,,,,,,,,
89,144,Everton,Luan,55,2T,Sul,DA,Pé Direito,TITULAR,D,0 x 1,Grêmio,Brasileiro,18/08/2018,SÁB,19:00,https://www.youtube.com/watch?v=v_T69VarR1k,,,,,,,,
90,146,Lucas Barrios,Damián Pérez,32,1T,Sul,DA,Cabeça,TITULAR,V,2 x 1,Colo Colo,Libertadores,29/08/2018,QUA,21:45,https://www.youtube.com/watch?v=42VdZK7I9yw,,,,,,,,
91,147,Fábio Santos,(Pênalti),36,1T,Sul,DA,Pé Esquerdo,TITULAR,E,1 x 1,Atlético (MG),Brasileiro,01/09/2018,SÁB,21:00,https://www.youtube.com/watch?v=y2GoERe0rCY,,,,,,,,
92,148,Hernane,(Pênalti),22,1T,Norte,DA,Pé Direito,TITULAR,V,2 x 1,Sport,Brasileiro,16/09/2018,DOM,19:00,https://www.youtube.com/watch?v=KdSn_w-iSIg,,,,,,,,
93,149,Leandro Damião,Edenilson,45,1T,Norte,DA,Pé Direito,TITULAR,E,1 x 1,Internacional,Brasileiro,23/09/2018,DOM,16:00,https://www.youtube.com/watch?v=v8rD9k-Efrk,,,,,,,,
94,150,(GC) Henrique,(GC),18,1T,Sul,DA,Mão,(GC),V,2 x 1,Flamengo,Copa do Brasil,26/09/2018,QUA,21:45,https://www.youtube.com/watch?v=SIEGlMavvPI,,,,,,,,
95,151,Lucas Paquetá,Vitinho,60,2T,Norte,DA,Cabeça,TITULAR,D,0 x 3,Flamengo,Brasileiro,05/10/2018,SEX,21:00,https://www.youtube.com/watch?v=ldO07a-L_AQ,,,,,,,,
96,151,Lucas Paquetá,X,66,2T,Norte,DA,Pé Esquerdo,TITULAR,D,0 x 3,Flamengo,Brasileiro,05/10/2018,SEX,21:00,https://www.youtube.com/watch?v=ldO07a-L_AQ,,,,,,,,
97,151,Renê,X,90+2,2T,Norte,DA,Pé Esquerdo,TITULAR,D,0 x 3,Flamengo,Brasileiro,05/10/2018,SEX,21:00,https://www.youtube.com/watch?v=ldO07a-L_AQ,,,,,,,,
98,152,Robinho,X,28,1T,Norte,FA,Pé Direito,TITULAR,D,1 x 2,Cruzeiro,Copa do Brasil,17/10/2018,QUA,21:45,https://www.youtube.com/watch?v=oVyfIt2f5PQ,,,,,,,,
99,152,De Arrascaeta,Raniel,82,2T,Sul,DA,Pé Esquerdo,RESERVA,D,1 x 2,Cruzeiro,Copa do Brasil,17/10/2018,QUA,21:45,https://www.youtube.com/watch?v=oVyfIt2f5PQ,,,,,,,,
100,153,Clayton,(Pênalti),85,2T,Sul,DA,Pé Direito,RESERVA,V,2 x 1,Bahia,Brasileiro,27/10/2018,SÁB,19:00,https://www.youtube.com/watch?v=ujjfoQd5V9Y,,,,,,,,
101,154,Brenner,Nenê,81,2T,Sul,DA,Pé Direito,RESERVA,E,1 x 1,São Paulo,Brasileiro,10/11/2018,SÁB,17:00,https://www.youtube.com/watch?v=tmaqGVQvmYA,,,,,,,,
102,157,(GC) Pedro Henrique,(GC),25,1T,Norte,DA,Cabeça,(GC),E,1 x 1,Santos,Amistoso,13/01/2019,DOM,17:30,https://www.youtube.com/watch?v=pxKrA7R55W8,,,,,,,,
103,158,Rafael Marques,(Pênalti),29,1T,Norte,DA,Pé Direito,TITULAR,E,1 x 1,São Caetano,Paulista,20/01/2019,DOM,17:00,https://www.youtube.com/watch?v=zDpOl-zXjwo,,,,,,,,
104,160,Ytalo,Roberson,75,2T,Sul,DA,Cabeça,TITULAR,D,0 x 2,Red Bull,Paulista,30/01/2019,QUA,19:15,https://www.youtube.com/watch?v=FdTj1HTJQ_0,,,,,,,,
105,160,Bruno Tubarão,Aderlan,90+4,2T,Sul,DA,Cabeça,RESERVA,D,0 x 2,Red Bull,Paulista,30/01/2019,QUA,19:15,https://www.youtube.com/watch?v=FdTj1HTJQ_0,,,,,,,,
106,161,Andrés Rios,X,23,1T,Sul,DA,Pé Esquerdo,TITULAR,E,1 x 1,Racing,Sulamericana,14/02/2019,QUI,21:30,https://www.youtube.com/watch?v=CoyMt_rSLdg,,,,,,,,
107,162,Pablo,Reinaldo,57,2T,Sul,DA,Cabeça,TITULAR,V,2 x 1,São Paulo,Paulista,17/02/2019,DOM,19:00,https://www.youtube.com/watch?v=yD2VhE4Zioc,,,,,,,,
108,163,Flávio Torres,Felipe Cordeiro,4,1T,Norte,DA,Cabeça,TITULAR,V,4 x 2,Avenida,Copa do Brasil,20/02/2019,QUA,21:30,https://www.youtube.com/watch?v=hkp0e4orVVE,,,,,,,,
109,163,Tito,Welder,10,1T,Norte,FA,Pé Esquerdo,TITULAR,V,4 x 2,Avenida,Copa do Brasil,20/02/2019,QUA,21:30,https://www.youtube.com/watch?v=hkp0e4orVVE,,,,,,,,
110,166,Thiago Santos,Diogo Mateus,60,2T,Sul,DA,Pé Esquerdo,TITULAR,E,1 x 1,Ferroviária,Paulista,27/03/2019,QUA,21:30,https://www.youtube.com/watch?v=gS6USc5rSxA,,,,,,,,
111,167,Derlis González,X,8,1T,Norte,DA,Cabeça,TITULAR,V,2 x 1,Santos,Paulista,31/03/2019,DOM,16:00,https://www.youtube.com/watch?v=Og9kkBijk4c,,,,,,,,
112,168,Roger,Thiago Carleto,88,2T,Sul,DA,Cabeça,TITULAR,D,0 x 1,Ceará,Copa do Brasil,03/04/2019,QUA,21:30,https://www.youtube.com/watch?v=xq4oaEuu_mQ,,,,,,,,
113,169,Antony,X,45+3,1T,Norte,FA,Pé Esquerdo,TITULAR,V,2 x 1,São Paulo,Paulista,21/04/2019,DOM,16:00,https://www.youtube.com/watch?v=zntBm4j09I8,,,,,,,,
114,173,Willian Arão,Bruno Henrique,79,2T,Sul,DA,Cabeça,TITULAR,D,0 x 1,Flamengo,Copa do Brasil,15/05/2019,QUA,21:30,https://www.youtube.com/watch?v=-eO0J6SGZJQ,,,,,,,,
115,177,Gabriel,X,85,2T,Norte,DA,Pé Esquerdo,TITULAR,E,1 x 1,Flamengo,Brasileiro,21/07/2019,DOM,16:00,https://www.youtube.com/watch?v=ZlBAc9sH-FI,,,,,,,,
116,179,Felipe Melo,Deyverson,48,2T,Sul,DA,Cabeça,TITULAR,E,1 x 1,Palmeiras,Brasileiro,04/08/2019,DOM,19:00,https://www.youtube.com/watch?v=Y6KPXA8Fs8U,,,,,,,,
117,184,Thiago Galhardo,Ricardinho,59,2T,Sul,DA,Pé Direito,TITULAR,E,2 x 2,Ceará,Brasileiro,07/09/2019,SÁB,11:00,https://www.youtube.com/watch?v=Az5_oAMhB6c,,,,,,,,
118,184,Leandro Carvalho,X,90+2,2T,Sul,FA,Pé Direito,RESERVA,E,2 x 2,Ceará,Brasileiro,07/09/2019,SÁB,11:00,https://www.youtube.com/watch?v=Az5_oAMhB6c,,,,,,,,
119,185,Gabriel Torres,Cristian Dájome,44,1T,Norte,DA,Pé Direito,TITULAR,D,0 x 2,Independiente Del Valle,Sulamericana,18/09/2019,QUA,21:30,https://www.youtube.com/watch?v=nF4JN8HoKOU,,,,,,,,
120,185,Gabriel Torres,Alejandro Cabeza,69,2T,Sul,DA,Pé Esquerdo,TITULAR,D,0 x 2,Independiente Del Valle,Sulamericana,18/09/2019,QUA,21:30,https://www.youtube.com/watch?v=nF4JN8HoKOU,,,,,,,,
121,186,Gilberto,(Pênalti),64,2T,Sul,DA,Pé Direito,TITULAR,V,2 x 1,Bahia,Brasileiro,21/09/2019,SÁB,19:00,https://www.youtube.com/watch?v=VzI-oqJIDXo,,,,,,,,
122,188,Léo Cittadini,Thonny Anderson,24,1T,Norte,DA,Pé Esquerdo,TITULAR,E,2 x 2,Athletico,Brasileiro,10/10/2019,QUI,19:15,https://www.youtube.com/watch?v=mG-AGxA8fgg,,,,,,,,
123,188,Erick,X,32,1T,Norte,DA,Pé Direito,TITULAR,E,2 x 2,Athletico,Brasileiro,10/10/2019,QUI,19:15,https://www.youtube.com/watch?v=mG-AGxA8fgg,,,,,,,,
124,189,Fred,(Pênalti),38,1T,Norte,DA,Pé Direito,TITULAR,D,1 x 2,Cruzeiro,Brasileiro,19/10/2019,SÁB,19:00,https://www.youtube.com/watch?v=pxcX1Zdd_UQ,,,,,,,,
125,189,Éderson,X,71,2T,Sul,DA,Pé Esquerdo,TITULAR,D,1 x 2,Cruzeiro,Brasileiro,19/10/2019,SÁB,19:00,https://www.youtube.com/watch?v=pxcX1Zdd_UQ,,,,,,,,
126,191,Romarinho,Bruno Melo,34,1T,Norte,DA,Pé Direito,TITULAR,V,3 x 2,Fortaleza,Brasileiro,06/11/2019,QUA,19:30,https://www.youtube.com/watch?v=727z6_XMRKc,,,,,,,,
127,191,Kieza,Bruno Melo,52,2T,Sul,DA,Cabeça,TITULAR,V,3 x 2,Fortaleza,Brasileiro,06/11/2019,QUA,19:30,https://www.youtube.com/watch?v=727z6_XMRKc,,,,,,,,
128,194,Evanilson,Nenê,8,1T,Sul,DA,Pé Direito,TITULAR,D,1 x 2,Fluminense,Brasileiro,08/12/2019,DOM,16:00,https://www.youtube.com/watch?v=oO0yWzUozxE,,,,,,,,
129,194,Evanilson,Marcos Paulo,28,1T,Sul,DA,Pé Direito,TITULAR,D,1 x 2,Fluminense,Brasileiro,08/12/2019,DOM,16:00,https://www.youtube.com/watch?v=oO0yWzUozxE,,,,,,,,
130,195,Ronald,Gustavo Henrique,82,2T,Norte,DA,Pé Direito,RESERVA,V,4 x 1,Botafogo (SP),Paulista,23/01/2020,QUI,21:30,https://www.youtube.com/watch?v=d8LhL4W_suE,,,,,,,,
131,197,Tcharlles,Lucas Braga,42,1T,Norte,DA,Pé Direito,TITULAR,D,0 x 1,Inter de Limeira,Paulista,09/02/2020,DOM,16:00,https://www.youtube.com/watch?v=YYtUm5WC5vw,,,,,,,,
132,198,Fernando Fernández,(Falta),53,2T,Sul,FA,Pé Direito,TITULAR,V,2 x 1,Guaraní (PAR),Libertadores,12/02/2020,QUA,21:30,https://www.youtube.com/watch?v=XKJDU6RqmWs,,,,,,,,
133,199,Ronaldo,Ricardo Luiz,27,1T,Norte,DA,Cabeça,TITULAR,E,1 x 1,Santo André,Paulista,26/02/2020,QUA,21:30,https://www.youtube.com/watch?v=Fu4zJZOS72I,,,,,,,,
134,200,Breno Lopes,Gabriel Taliari,15,1T,Norte,FA,Pé Esquerdo,TITULAR,E,1 x 1,Ituano,Paulista,15/03/2020,DOM,16:00,https://www.youtube.com/watch?v=mvooEIAt0tQ,,,,,,,,
135,204,Sassá,William Matheus,42,1T,Norte,DA,Pé Direito,TITULAR,V,3 x 1,Coritiba,Brasileiro,19/08/2020,QUA,21:30,https://www.youtube.com/watch?v=94kdoKC6uuM,,,,,,,,
136,205,Romarinho,Wellington Paulista,62,2T,Norte,DA,Pé Direito,TITULAR,E,1 x 1,Fortaleza,Brasileiro,26/08/2020,QUA,21:30,https://www.youtube.com/watch?v=fBvh6iW05xQ,,,,,,,,
137,206,Bruno Nazário,(Falta),22,1T,Norte,FA,Pé Esquerdo,TITULAR,E,2 x 2,Botafogo,Brasileiro,05/09/2020,SÁB,19:00,https://www.youtube.com/watch?v=cv1N81qnF9w,,,,,,,,
138,206,Salomon Kalou,Rhuan,75,2T,Sul,DA,Pé Direito,TITULAR,E,2 x 2,Botafogo,Brasileiro,05/09/2020,SÁB,19:00,https://www.youtube.com/watch?v=cv1N81qnF9w,,,,,,,,
139,207,Luiz Adriano,(Pênalti),43,1T,Norte,DA,Pé Direito,TITULAR,D,0 x 2,Palmeiras,Brasileiro,10/09/2020,QUI,19:15,https://www.youtube.com/watch?v=BruNyJfU_PA,,,,,,,,
140,207,Gabriel Veron,Willian,65,2T,Sul,DA,Pé Direito,RESERVA,D,0 x 2,Palmeiras,Brasileiro,10/09/2020,QUI,19:15,https://www.youtube.com/watch?v=BruNyJfU_PA,,,,,,,,
141,208,Nino Paraíba,X,36,1T,Norte,DA,Pé Direito,TITULAR,V,3 x 2,Bahia,Brasileiro,16/09/2020,QUA,21:30,https://www.youtube.com/watch?v=D_er_yM6Hh8,,,,,,,,
142,208,Saldanha,Gregore,89,2T,Sul,DA,Cabeça,RESERVA,V,3 x 2,Bahia,Brasileiro,16/09/2020,QUA,21:30,https://www.youtube.com/watch?v=D_er_yM6Hh8,,,,,,,,
143,210,Madson,Jean Mota,11,1T,Norte,DA,Cabeça,TITULAR,E,1 x 1,Santos,Brasileiro,07/10/2020,QUA,19:00,https://www.youtube.com/watch?v=-Mvq8lL8ETA,,,,,,,,
144,211,Everton Ribeiro,Filipe Luís,32,1T,Norte,DA,Cabeça,TITULAR,D,1 x 5,Flamengo,Brasileiro,18/10/2020,DOM,16:00,https://www.youtube.com/watch?v=pxIEwIk9ZZs,,,,,,,,
145,211,Vitinho,Everton Ribeiro,52,2T,Sul,FA,Pé Esquerdo,TITULAR,D,1 x 5,Flamengo,Brasileiro,18/10/2020,DOM,16:00,https://www.youtube.com/watch?v=pxIEwIk9ZZs,,,,,,,,
146,211,Natan,Everton Ribeiro,58,2T,Sul,DA,Cabeça,TITULAR,D,1 x 5,Flamengo,Brasileiro,18/10/2020,DOM,16:00,https://www.youtube.com/watch?v=pxIEwIk9ZZs,,,,,,,,
147,211,Bruno Henrique,Isla,71,2T,Sul,DA,Pé Direito,TITULAR,D,1 x 5,Flamengo,Brasileiro,18/10/2020,DOM,16:00,https://www.youtube.com/watch?v=pxIEwIk9ZZs,,,,,,,,
148,211,Diego,Lincoln,86,2T,Sul,DA,Pé Direito,RESERVA,D,1 x 5,Flamengo,Brasileiro,18/10/2020,DOM,16:00,https://www.youtube.com/watch?v=pxIEwIk9ZZs,,,,,,,,
149,212,Marcelo Toscano,Neto Berola,89,2T,Sul,DA,Pé Esquerdo,RESERVA,D,0 x 1,América (MG),Copa do Brasil,28/10/2020,QUA,21:30,https://www.youtube.com/watch?v=7qReaykLwJI,,,,,,,,
150,214,Guilherme Arana,Eduardo Vargas,61,2T,Sul,DA,Pé Esquerdo,TITULAR,D,1 x 2,Atlético (MG),Brasileiro,14/11/2020,SÁB,19:00,https://www.youtube.com/watch?v=f6oB9ZGu6kc,,,,,,,,
151,213,Marrony,Keno,83,2T,Sul,DA,Pé Esquerdo,RESERVA,D,1 x 2,Atlético (MG),Brasileiro,14/11/2020,SÁB,19:00,https://www.youtube.com/watch?v=f6oB9ZGu6kc,,,,,,,,
152,217,Fernandão,Douglas Baggio,3,1T,Sul,DA,Pé Direito,TITULAR,V,2 x 1,Goiás,Brasileiro,21/12/2020,SEG,20:00,https://www.youtube.com/watch?v=FsEZoacLxos,,,,,,,,
153,220,Hélinho,Claudinho,2,1T,Norte,FA,Pé Esquerdo,TITULAR,D,0 x 2,Bragantino,Brasileiro,25/01/2021,SEG,20:00,https://www.youtube.com/watch?v=lFQcY06fMCY,,,,,,,,
154,220,Claudinho,Ytalo,42,1T,Norte,DA,Pé Esquerdo,TITULAR,D,0 x 2,Bragantino,Brasileiro,25/01/2021,SEG,20:00,https://www.youtube.com/watch?v=lFQcY06fMCY,,,,,,,,
155,221,Fabinho,Vina,15,1T,Norte,DA,Cabeça,TITULAR,V,2 x 1,Ceará,Brasileiro,03/02/2021,QUA,21:30,https://www.youtube.com/watch?v=FtNpPzJ3v24,,,,,,,,
156,222,Abner Vinicius,Fernando Canesin,14,1T,Norte,DA,Pé Esquerdo,TITULAR,E,3 x 3,Athletico,Brasileiro,10/02/2021,QUA,21:30,https://www.youtube.com/watch?v=xtW-7o7U4YI,,,,,,,,
157,222,Fernando Canesim,X,35,1T,Norte,DA,Pé Direito,TITULAR,E,3 x 3,Athletico,Brasileiro,10/02/2021,QUA,21:30,https://www.youtube.com/watch?v=xtW-7o7U4YI,,,,,,,,
158,222,Vitinho,Fernando Canesin,73,2T,Sul,DA,Pé Direito,RESERVA,E,3 x 3,Athletico,Brasileiro,10/02/2021,QUA,21:30,https://www.youtube.com/watch?v=xtW-7o7U4YI,,,,,,,,
159,224,Lucas Lima,Danilo,5,1T,Norte,DA,Pé Direito,TITULAR,E,2 x 2,Palmeiras,Paulista,03/03/2021,QUA,19:00,https://www.youtube.com/watch?v=7KQq9j9TEXc,,,,,,,,
160,224,Gabriel Silva,Willian,25,1T,Norte,DA,Pé Direito,TITULAR,E,2 x 2,Palmeiras,Paulista,03/03/2021,QUA,19:00,https://www.youtube.com/watch?v=7KQq9j9TEXc,,,,,,,,
161,225,João Veras,Ruan Renato,31,1T,Norte,DA,Pé Direito,RESERVA,V,2 x 1,Ponte Preta,Paulista,07/03/2021,DOM,11:00,https://www.youtube.com/watch?v=TeWPPiFGht0,,,,,,,,
162,226,Gabriel Inocêncio,Daniel Costa,8,1T,Norte,FA,Pé Esquerdo,TITULAR,E,1 x 1,São Bento,Paulista,16/04/2021,SEX,20:00,https://www.youtube.com/watch?v=q5VKr8wSZpc,,,,,,,,
163,228,Giovanni González,David Terans,13,1T,Norte,DA,Pé Direito,TITULAR,D,0 x 2,Peñarol,Sulamericana,29/04/2021,QUI,19:15,https://www.youtube.com/watch?v=NYvbbpA8dOg,,,,,,,,
164,228,David Terans,Joaquin Piquerez,56,2T,Sul,DA,Barriga,TITULAR,D,0 x 2,Peñarol,Sulamericana,29/04/2021,QUI,19:15,https://www.youtube.com/watch?v=NYvbbpA8dOg,,,,,,,,
165,229,Miranda,Igor Gomes,15,1T,Norte,DA,Cabeça,TITULAR,E,2 x 2,São Paulo,Paulista,02/05/2021,DOM,22:15,https://www.youtube.com/watch?v=y9--hZYj2J8,,,,,,,,
166,229,Luciano,(Pênalti),90+6,2T,Sul,DA,Pé Esquerdo,RESERVA,E,2 x 2,São Paulo,Paulista,02/05/2021,DOM,22:15,https://www.youtube.com/watch?v=y9--hZYj2J8,,,,,,,,
167,230,Douglas Baggio,(Pênalti),61,2T,Sul,DA,Pé Direito,TITULAR,D,2 x 1,Grêmio Novorizontino,Paulista,09/05/2021,DOM,16:00,https://www.youtube.com/watch?v=NomGhghLDWI,,,,,,,,
168,231,Thalisson,Rondinelly,64,2T,Sul,DA,Pé Direito,TITULAR,D,4 x 1,Inter de Limeira,Paulista,11/05/2021,TER,16:00,https://www.youtube.com/watch?v=GtO0acDv4FI,,,,,,,,
169,232,Victor Luis,X,13,1T,Sul,DA,Pé Esquerdo,TITULAR,D,0 x 2,Palmeiras,Paulista,16/05/2021,DOM,16:00,https://www.youtube.com/watch?v=hfBq1xC8JOg,,,,,,,,
170,232,Luiz Adriano,Rony,76,2T,Norte,DA,Pé Direito,TITULAR,D,0 x 2,Palmeiras,Paulista,16/05/2021,DOM,16:00,https://www.youtube.com/watch?v=hfBq1xC8JOg,,,,,,,,
171,235,Zé Roberto,João Paulo,44,1T,Norte,DA,Pé Direito,TITULAR,D,0 x 1,Atlético (GO),Brasileiro,30/05/2021,DOM,18:15,https://www.youtube.com/watch?v=oelrfIpH7-c,,,,,,,,
172,236,Ronald,Dudu,10,1T,Norte,DA,Pé Direito,TITULAR,D,0 x 2,Atlético (GO),Copa do Brasil,02/06/2021,QUA,21:30,https://www.youtube.com/watch?v=KoDh_xvRmac,,,,,,,,
173,236,João Paulo,Ronald,20,1T,Norte,DA,Pé Direito,TITULAR,D,0 x 2,Atlético (GO),Copa do Brasil,02/06/2021,QUA,21:30,https://www.youtube.com/watch?v=KoDh_xvRmac,,,,,,,,
174,237,Aderlan,Artur,52,2T,Sul,DA,Cabeça,TITULAR,D,1 x 2,Bragantino,Brasileiro,16/06/2021,QUA,20:30,https://www.youtube.com/watch?v=tMkCNA9LIuo,,,,,,,,
175,237,Eric Ramires,X,82,2T,Sul,DA,Pé Direito,RESERVA,D,1 x 2,Bragantino,Brasileiro,16/06/2021,QUA,20:30,https://www.youtube.com/watch?v=tMkCNA9LIuo,,,,,,,,
176,238,Tréllez,Patric,82,2T,Sul,DA,Cabeça,RESERVA,V,2 x 1,Sport,Brasileiro,24/06/2021,QUI,19:00,https://www.youtube.com/watch?v=wMZdSa7OezM,,,,,,,,
177,240,Edenilson,(Pênalti),40,1T,Norte,DA,Pé Direito,TITULAR,E,1 x 1,Internacional,Brasileiro,03/07/2021,SÁB,21:00,https://www.youtube.com/watch?v=eT5M_xzhFMs,,,,,,,,
178,241,Hulk,(Falta),64,2T,Sul,FA,Pé Esquerdo,TITULAR,D,1 x 2,Atlético (MG),Brasileiro,17/07/2021,SÁB,19:00,https://www.youtube.com/watch?v=HsMLbUObiaw,,,,,,,,
179,241,Hulk,Dylan Borrero,86,2T,Sul,DA,Pé Direito,TITULAR,D,1 x 2,Atlético (MG),Brasileiro,17/07/2021,SÁB,19:00,https://www.youtube.com/watch?v=HsMLbUObiaw,,,,,,,,
180,242,Everton Ribeiro,X,7,1T,Norte,FA,Pé Esquerdo,TITULAR,D,1 x 3,Flamengo,Brasileiro,01/08/2021,DOM,16:00,https://www.youtube.com/watch?v=EQ7Xtny45b4,,,,,,,,
181,242,Gustavo Henrique,Arrascaeta,40,1T,Norte,DA,Cabeça,TITULAR,D,1 x 3,Flamengo,Brasileiro,01/08/2021,DOM,16:00,https://www.youtube.com/watch?v=EQ7Xtny45b4,,,,,,,,
182,242,Bruno Henrique,Gabigol,44,1T,Norte,DA,Cabeça,TITULAR,D,1 x 3,Flamengo,Brasileiro,01/08/2021,DOM,16:00,https://www.youtube.com/watch?v=EQ7Xtny45b4,,,,,,,,
183,243,Rick,Jael,70,2T,Sul,FA,Pé Esquerdo,RESERVA,V,3 x 1,Ceará,Brasileiro,15/08/2021,DOM,16:00,https://www.youtube.com/watch?v=zJaUK3HerbY,,,,,,,,
184,244,Ricardo Bueno,Paulo Henrique,32,1T,Norte,DA,Cabeça,TITULAR,E,1 x 1,Juventude,Brasileiro,07/09/2021,TER,21:30,https://www.youtube.com/watch?v=5_mG9SPXhdQ,,,,,,,,
185,245,Marlon,Mauro Zárate,7,1T,Norte,DA,Pé Esquerdo,TITULAR,E,1 x 1,América (MG),Brasileiro,19/09/2021,DOM,18:15,https://www.youtube.com/watch?v=YF5WxDasCeo,,,,,,,,
186,246,Gabriel Menino,X,45+2,1T,Norte,FA,Pé Direito,TITULAR,V,2 x 1,Palmeiras,Brasileiro,25/09/2021,SÁB,19:00,https://www.youtube.com/watch?v=91_H0BsyhBA,,,,,,,,
187,247,Gilberto,(Pênalti),33,1T,Norte,DA,Pé Direito,TITULAR,V,3 x 1,Bahia,Brasileiro,05/10/2021,TER,21:30,https://www.youtube.com/watch?v=E_fbOVOklMc,,,,,,,,
188,251,Pepê,X,45+2,1T,Norte,FA,Pé Direito,TITULAR,V,3 x 2,Cuiabá,Brasileiro,13/11/2021,SÁB,21:00,https://www.youtube.com/watch?v=j28xyhFxC00,,,,,,,,
189,254,Paulão,Rafael Gava,78,2T,Sul,DA,Pé Direito,TITULAR,V,3 x 2,Cuiabá,Brasileiro,13/11/2021,SÁB,21:00,https://www.youtube.com/watch?v=j28xyhFxC00,,,,,,,,
190,254,Diego Souza,Ferreirinha,39,1T,Sul,DA,Pé Direito,TITULAR,E,1 x 1,Grêmio,Brasileiro,05/12/2021,DOM,16:00,https://www.youtube.com/watch?v=e85XfY1srEU,,,,,,,,
191,256,Marcos Leonardo,Marcos Guilherme,65,2T,Norte,DA,Pé Direito,TITULAR,D,1 x 2,Santos,Paulista,02/02/2022,QUA,21:35,https://www.youtube.com/watch?v=srguPRjrefU,,,,,,,,
192,256,Marcos Leonardo,(Pênalti),70,2T,Norte,DA,Pé Direito,TITULAR,D,1 x 2,Santos,Paulista,02/02/2022,QUA,21:35,https://www.youtube.com/watch?v=srguPRjrefU,,,,,,,,
193,257,Rodrigo Ferreira,Pará,24,1T,Norte,DA,Cabeça,TITULAR,V,2 x 1,Mirassol,Paulista,10/02/2022,QUI,21:30,https://www.youtube.com/watch?v=Ty9BfY2r0kw,,,,,,,,
194,261,João Victor,Giovanni Augusto,54,2T,Sul,DA,Cabeça,TITULAR,E,1 x 1,Guarani,Paulista,24/03/2022,QUI,19:00,https://www.youtube.com/watch?v=NWqxBI08LFU,,,,,,,,
195,267,Calleri,Alisson,45+6,1T,Sul,DA,Pé Esquerdo,TITULAR,E,1 x 1,São Paulo,Brasileiro,22/05/2022,DOM,16:00,https://www.youtube.com/watch?v=CPxVlb84q-s,,,,,,,,
196,268,Jonathan Borja,Gustavo Torres,44,1T,Sul,DA,Pé Esquerdo,TITULAR,E,1 x 1,Always Ready,Libertadores,26/05/2022,QUI,21:00,https://www.youtube.com/watch?v=DcIEQvdwNow,,,,,,,,
197,269,Aloísio,Alê,67,2T,Norte,DA,Cabeça,TITULAR,E,1 x 1,América (MG),Brasileiro,29/05/2022,DOM,18:00,https://www.youtube.com/watch?v=YSMuW-Gp38M,,,,,,,,
198,276,Luciano Castan,Guillermo de los Santos,54,2T,Sul,DA,Cabeça,TITULAR,V,3 x 1,Coritiba,Brasileiro,20/07/2022,QUA,21:30,https://www.youtube.com/watch?v=OvKsZ8AvX10,,,,,,,,
199,278,De Arrascaeta,João Gomes,37,1T,Norte,DA,Pé Direito,TITULAR,D,0 x 2,Flamengo,Libertadores,02/08/2022,TER,21:30,https://www.youtube.com/watch?v=B0JDB0E3yWM,,,,,,,,
200,278,Gabriel,Rodinei,51,2T,Sul,DA,Pé Esquerdo,TITULAR,D,0 x 2,Flamengo,Libertadores,02/08/2022,TER,21:30,https://www.youtube.com/watch?v=B0JDB0E3yWM,,,,,,,,
201,279,(GC) Roni,(GC),72,2T,Norte,DA,Pé Direito,RESERVA,D,0 x 1,Palmeiras,Brasileiro,13/08/2022,SÁB,21:00,https://www.youtube.com/watch?v=sXLEH3iQD_Q,,,,,,,,
202,280,Wellington Rato,Luiz Fernando,87,2T,Sul,DA,Pé Esquerdo,TITULAR,V,4 x 1,Atlético (GO),Copa do Brasil,17/08/2022,QUA,21:30,https://www.youtube.com/watch?v=-Sh9sbySusw,,,,,,,,
203,282,Alemão,Maurício,1,1T,Norte,DA,Pé Direito,TITULAR,E,2 x 2,Internacional,Brasileiro,04/09/2022,DOM,16:00,https://www.youtube.com/watch?v=4_CZsKOhbe0,,,,,,,,
204,282,Alan Patrick,Renê,67,2T,Sul,DA,Pé Direito,RESERVA,E,2 x 2,Internacional,Brasileiro,04/09/2022,DOM,16:00,https://www.youtube.com/watch?v=4_CZsKOhbe0,,,,,,,,
205,284,Wellington Rato,Luiz Fernando,17,1T,Sul,DA,Pé Esquerdo,TITULAR,V,2 x 1,Atlético (GO),Brasileiro,28/09/2022,QUA,19:00,https://www.youtube.com/watch?v=Ir9Rom4Z_9I,,,,,,,,
206,286,Erick,Tomás Cuello,80,2T,Sul,DA,Cabeça,TITULAR,V,2 x 1,Athletico,Brasileiro,08/10/2022,SÁB,21:00,https://www.youtube.com/watch?v=dLsKgwMGoIQ,,,,,,,,
207,288,Cano,X,12,1T,Sul,DA,Pé Direito,TITULAR,D,0 x 2,Fluminense,Brasileiro,26/10/2022,QUA,21:45,https://www.youtube.com/watch?v=FY-I7FD_gvI,,,,,,,,
208,288,Cano,Calegari,70,2T,Norte,DA,Pé Direito,TITULAR,D,0 x 2,Fluminense,Brasileiro,26/10/2022,QUA,21:45,https://www.youtube.com/watch?v=FY-I7FD_gvI,,,,,,,,
209,290,Eduardo Vargas,(Pênalti),45,1T,Norte,DA,Pé Direito,TITULAR,D,0 x 1,Atlético (MG),Brasileiro,13/11/2022,DOM,16:00,https://www.youtube.com/watch?v=0EAw5LZQ7sE,,,,,,,,
210,292,Bruninho,Diogo Mateus,1,1T,Norte,DA,Pé Esquerdo,TITULAR,V,2 x 1,Guarani,Paulista,24/01/2023,TER,20:00,https://www.youtube.com/watch?v=DFfUzbVfnHM,,,,,,,,
211,294,Rony,Raphael Veiga,43,1T,Sul,DA,Cabeça,TITULAR,E,2 x 2,Palmeiras,Paulista,16/02/2023,QUI,21:30,https://www.youtube.com/watch?v=9Zb7Kttp49M,,,,,,,,
212,294,Rony,Raphael Veiga,53,2T,Norte,DA,Cabeça,TITULAR,E,2 x 2,Palmeiras,Paulista,16/02/2023,QUI,21:30,https://www.youtube.com/watch?v=9Zb7Kttp49M,,,,,,,,
213,296,José Hugo,X,31,1T,Norte,DA,Pé Direito,TITULAR,V,3 x 1,Santo André,Paulista,04/03/2023,SÁB,18:30,https://www.youtube.com/watch?v=-ni80EgHJqM,,,,,,,,
214,297,Raí Ramos,Marcelo Freitas,26,1T,Norte,FA,Pé Direito,TITULAR,E,1 x 1,Ituano,Paulista,12/03/2023,DOM,16:00,https://www.youtube.com/watch?v=ACv4yLD4g20,,,,,,,,
215,298,Lucas Oliveira,Marlon,90+5,2T,Sul,DA,Cabeça,TITULAR,V,2 x 1,Cruzeiro,Brasileiro,16/04/2023,DOM,16:00,https://www.youtube.com/watch?v=JvlrWaXKCKU,,,,,,,,
216,299,Javier Cabrera,Santiago Montiel,13,1T,Norte,DA,Cabeça,TITULAR,D,0 x 1,Argentinos Juniors,Libertadores,19/04/2023,QUA,21:30,https://www.youtube.com/watch?v=G_eGvckaMFA,,,,,,,,
217,301,Lautaro Díaz,Michael Hoyos,22,1T,Sul,DA,Pé Esquerdo,TITULAR,D,1 x 2,Independiente del Valle,Libertadores,02/05/2023,TER,21:00,https://www.youtube.com/watch?v=kqWePubQSmU,,,,,,,,
218,301,Lautaro Díaz,X,52,2T,Norte,DA,Pé Direito,TITULAR,D,1 x 2,Independiente del Valle,Libertadores,02/05/2023,TER,21:00,https://www.youtube.com/watch?v=kqWePubQSmU,,,,,,,,
219,302,Caio Alexandre,Silvio Romero,79,2T,Norte,FA,Pé Direito,TITULAR,E,1 x 1,Fortaleza,Brasileiro,08/05/2023,SEG,20:00,https://www.youtube.com/watch?v=jfN6kUrdqW0,,,,,,,,
220,303,Michel Araújo,Rafinha,15,1T,Norte,DA,Pé Esquerdo,TITULAR,E,1 x 1,São Paulo,Brasileiro,14/05/2023,DOM,16:00,https://www.youtube.com/watch?v=8YjMw7afGb4,,,,,,,,
221,306,Deyverson,Rikelme,55,2T,Sul,DA,Cabeça,TITULAR,E,1 x 1,Cuiabá,Brasileiro,10/06/2023,SÁB,18:30,https://www.youtube.com/watch?v=jEsc2ySCPV0,,,,,,,,
222,308,Eduardo Sasha,Eric Ramires,17,1T,Norte,DA,Pé Esquerdo,TITULAR,D,0 x 1,Bragantino,Brasileiro,02/07/2023,DOM,11:00,https://www.youtube.com/watch?v=2mvyQ2ozRTA,,,,,,,,
223,310,Martín Benítez,Emmanuel Martínez,69,2T,Sul,DA,Pé Direito,RESERVA,V,3 x 2,América (MG),Copa do Brasil,15/07/2023,SÁB,16:30,https://www.youtube.com/watch?v=GPkHhehK7Ms,,,,,,,,
224,310,Gonzalo Mastriani,Martín Benítez,83,2T,Sul,DA,Pé Esquerdo,TITULAR,V,3 x 2,América (MG),Copa do Brasil,15/07/2023,SÁB,16:30,https://www.youtube.com/watch?v=GPkHhehK7Ms,,,,,,,,
225,311,Luciano,Juan Santos,55,2T,Norte,FA,Pé Esquerdo,TITULAR,V,2 x 1,São Paulo,Copa do Brasil,25/07/2023,TER,21:30,https://www.youtube.com/watch?v=rnTtclOUhGA,,,,,,,,
226,312,Gabriel Pec,Luca Orellano,70,2T,Sul,DA,Pé Direito,RESERVA,V,3 x 1,Vasco da Gama,Brasileiro,29/07/2023,SÁB,18:30,https://www.youtube.com/watch?v=iReFc_gwOi4,,,,,,,,
227,313,Marcos Portillo,Ángelo Martino,45+4,1T,Norte,DA,Pé Direito,TITULAR,V,2 x 1,Newell's Old Boys,Sulamericana,01/08/2023,TER,21:30,https://www.youtube.com/watch?v=Zr_-SusSmZ0,,,,,,,,
228,314,(GC) Murillo,(GC),28,1T,Norte,DA,Ombro,TITULAR,V,3 x 1,Coritiba,Brasileiro,13/08/2023,DOM,16:00,https://www.youtube.com/watch?v=tkg-tDMu3A0,,,,,,,,
229,316,Guilherme Marques,(Pênalti),59,2T,Sul,DA,Pé Esquerdo,TITULAR,E,1 x 1,Goiás,Brasileiro,26/08/2023,SÁB,21:00,https://www.youtube.com/watch?v=v29iiPP8Khc,,,,,,,,
230,318,Nathan,Cristaldo,21,1T,Sul,DA,Pé Direito,TITULAR,E,4 x 4,Grêmio,Brasileiro,18/09/2023,SEG,21:00,https://www.youtube.com/watch?v=QNYZIILYBv4,,,,,,,,
231,318,Cristaldo,Reinaldo,27,1T,Sul,DA,Cabeça,TITULAR,E,4 x 4,Grêmio,Brasileiro,18/09/2023,SEG,21:00,https://www.youtube.com/watch?v=QNYZIILYBv4,,,,,,,,
232,318,Everton Galdino,Nathan,51,2T,Norte,FA,Pé Esquerdo,RESERVA,E,4 x 4,Grêmio,Brasileiro,18/09/2023,SEG,21:00,https://www.youtube.com/watch?v=QNYZIILYBv4,,,,,,,,
233,318,Luis Suárez,Villasanti,58,2T,Norte,DA,Pé Direito,TITULAR,E,4 x 4,Grêmio,Brasileiro,18/09/2023,SEG,21:00,https://www.youtube.com/watch?v=QNYZIILYBv4,,,,,,,,
234,320,Zé Welison,Marinho,22,1T,Norte,DA,Cabeça,TITULAR,E,1 x 1,Fortaleza,Sulamericana,26/09/2023,TER,21:30,https://www.youtube.com/watch?v=X811962S05Y,,,,,,,,
235,321,Gerson,Éverton Ribeiro,54,2T,Sul,FA,Pé Esquerdo,TITULAR,E,1 x 1,Flamengo,Brasileiro,07/10/2023,SÁB,21:00,https://www.youtube.com/watch?v=NTSLHMYnE98,,,,,,,,
236,322,Martín Benítez,Rodrigo Henrique Santos,38,1T,Norte,DA,Pé Direito,TITULAR,E,1 x 1,América (MG),Brasileiro,22/10/2023,DOM,18:30,https://www.youtube.com/watch?v=zBYDCJKvEZM,,,,,,,,
237,323,Stiven Mendoza,(Pênalti),90+9,2T,Sul,DA,Pé Esquerdo,RESERVA,E,1 x 1,Santos,Brasileiro,29/10/2023,DOM,18:30,https://www.youtube.com/watch?v=__RYbPj0lb8,,,,,,,,
238,325,Paulinho,Alan Kardec,67,2T,Sul,DA,Pé Direito,TITULAR,E,1 x 1,Atlético (MG),Brasileiro,09/11/2023,QUI,19:00,https://www.youtube.com/watch?v=rABjOGT1d2c,,,,,,,,
239,326,Rezende,Luciano Juba,4,1T,Norte,DA,Cabeça,TITULAR,D,1 x 5,Bahia,Brasileiro,24/11/2023,SEX,21:00,https://www.youtube.com/watch?v=k2Ep1eIJROs,,,,,,,,
240,326,Cauly,Thaciano,16,1T,Norte,DA,Cabeça,TITULAR,D,1 x 5,Bahia,Brasileiro,24/11/2023,SEX,21:00,https://www.youtube.com/watch?v=k2Ep1eIJROs,,,,,,,,
241,326,Thaciano,(Pênalti),29,1T,Norte,DA,Pé Direito,TITULAR,D,1 x 5,Bahia,Brasileiro,24/11/2023,SEX,21:00,https://www.youtube.com/watch?v=k2Ep1eIJROs,,,,,,,,
242,326,Ademir,Cauly,75,2T,Sul,DA,Pé Esquerdo,RESERVA,D,1 x 5,Bahia,Brasileiro,24/11/2023,SEX,21:00,https://www.youtube.com/watch?v=k2Ep1eIJROs,,,,,,,,
243,326,Thaciano,(Pênalti),85,2T,Sul,DA,Pé Direito,TITULAR,D,1 x 5,Bahia,Brasileiro,24/11/2023,SEX,21:00,https://www.youtube.com/watch?v=k2Ep1eIJROs,,,,,,,,
244,327,Maurício,Fabricio Bustos,35,1T,Norte,FA,Pé Esquerdo,TITULAR,D,1 x 2,Internacional,Brasileiro,02/12/2023,SÁB,18:00,https://www.youtube.com/watch?v=5WqQ5ysu2pM,,,,,,,,
245,327,Wanderson,X,66,2T,Sul,DA,Pé Direito,TITULAR,D,1 x 2,Internacional,Brasileiro,02/12/2023,SÁB,18:00,https://www.youtube.com/watch?v=5WqQ5ysu2pM,,,,,,,,
246,329,Calleri,Welligton Rato,20,1T,Norte,DA,Pé Esquerdo,TITULAR,D,1 x 2,São Paulo,Paulista,30/01/2024,TER,19:30,https://www.youtube.com/watch?v=4YceVCQt6p4,,,,,,,,
247,329,Luiz Gustavo,Welligton Rato,51,2T,Sul,DA,Cabeça,RESERVA,D,1 x 2,São Paulo,Paulista,30/01/2024,TER,19:30,https://www.youtube.com/watch?v=4YceVCQt6p4,,,,,,,,
248,330,Jenison,Willian Lepo,45+2,1T,Sul,DA,Cabeça,TITULAR,D,1 x 3,Grêmio Novorizontino,Paulista,04/02/2024,DOM,11:00,https://www.youtube.com/watch?v=ZWK_OoLPKm8,,,,,,,,
249,330,Jenison,X,48,2T,Norte,DA,Pé Esquerdo,TITULAR,D,1 x 3,Grêmio Novorizontino,Paulista,04/02/2024,DOM,11:00,https://www.youtube.com/watch?v=ZWK_OoLPKm8,,,,,,,,
250,330,Jenison,Rômulo,58,2T,Norte,DA,Pé Esquerdo,TITULAR,D,1 x 3,Grêmio Novorizontino,Paulista,04/02/2024,DOM,11:00,https://www.youtube.com/watch?v=ZWK_OoLPKm8,,,,,,,,
251,332,Iago Dias,X,6,1T,Norte,DA,Cabeça,TITULAR,D,0 x 1,Ponte Preta,Paulista,25/02/2024,DOM,20:00,https://www.youtube.com/watch?v=s_QEvsbcqI4,,,,,,,,
252,333,Bruno Michel,X,80,2T,Sul,DA,Joelho D,RESERVA,V,3 x 2,Santo André,Paulista,02/03/2024,SÁB,16:00,https://www.youtube.com/watch?v=pT4dZLDvAZo,,,,,,,,
253,333,Lohan,X,87,2T,Sul,DA,Pé Esquerdo,RESERVA,V,3 x 2,Santo André,Paulista,02/03/2024,SÁB,16:00,https://www.youtube.com/watch?v=pT4dZLDvAZo,,,,,,,,
254,339,Wenderson,X,51,2T,Sul,FA,Pé Direito,TITULAR,V,2 x 1,América (RN),Copa do Brasil,22/05/2024,QUA,20:00,https://www.youtube.com/watch?v=ejirVh3aYPE,,,,,,,,
255,341,Júnior Santos,Cuiabano,60,2T,Sul,DA,Pé Direito,TITULAR,D,0 x 1,Botafogo,Brasileiro,01/06/2024,SÁB,21:00,https://www.youtube.com/watch?v=4akpf3PL_qo,,,,,,,,
256,342,Lucas Moura,Calleri,4,1T,Norte,DA,Pé Esquerdo,TITULAR,E,2 x 2,São Paulo,Brasileiro,16/06/2024,DOM,16:00,https://www.youtube.com/watch?v=utvsUmuKbck,,,,,,,,
257,342,(GC) Cacá,(GC),41,1T,Norte,DA,Pé Esquerdo,(GC),E,2 x 2,São Paulo,Brasileiro,16/06/2024,DOM,16:00,https://www.youtube.com/watch?v=utvsUmuKbck,,,,,,,,
258,343,Marllon,Alan Empereur,5,1T,Sul,DA,Pé Direito,TITULAR,E,1 x 1,Cuiabá,Brasileiro,26/06/2024,QUA,20:00,https://www.youtube.com/watch?v=nYgYC-XsHqE,,,,,,,,
259,344,Alerrandro,Matheuzinho,37,1T,Sul,DA,Pé Esquerdo,TITULAR,V,3 x 2,Vitória,Brasileiro,04/07/2024,QUI,20:00,https://www.youtube.com/watch?v=jDtvN3JsVFk,,,,,,,,
260,344,Alerrandro,(Pênalti),86,2T,Norte,DA,Pé Direito,TITULAR,V,3 x 2,Vitória,Brasileiro,04/07/2024,QUI,20:00,https://www.youtube.com/watch?v=jDtvN3JsVFk,,,,,,,,
261,345,Claudinho Coelho,Matheusinho,41,1T,Sul,FA,Pé Direito,TITULAR,V,2 x 1,Criciúma,Brasileiro,16/07/2024,TER,21:00,https://www.youtube.com/watch?v=yi_DveUv67o,,,,,,,,
262,346,Rodrigo Ely,Soteldo,2,1T,Norte,DA,Cabeça,TITULAR,E,2 x 2,Grêmio,Brasileiro,25/07/2024,QUI,20:00,https://www.youtube.com/watch?v=lSzHZrEOl0U,,,,,,,,
263,346,Mathias Villasanti,X,76,2T,Sul,DA,Pé Direito,TITULAR,E,2 x 2,Grêmio,Brasileiro,25/07/2024,QUI,20:00,https://www.youtube.com/watch?v=lSzHZrEOl0U,,,,,,,,
264,348,Alan Ruschel,Jádson,4,1T,Norte,DA,Pé Direito,TITULAR,E,1 x 1,Juventude,Brasileiro,04/08/2024,DOM,16:00,https://www.youtube.com/watch?v=He1MNo-o8ek,,,,,,,,
265,349,Helinho,Raul,39,1T,Norte,DA,Pé Esquerdo,TITULAR,E,1 x 1,Bragantino,Brasileiro,10/08/2024,SÁB,21:30,https://www.youtube.com/watch?v=0yYc4m5uFlI,,,,,,,,
266,350,Eduardo Sasha,X,72,2T,Sul,FA,Pé Direito,TITULAR,D,1 x 2,Bragantino,Sulamericana,20/08/2024,TER,21:30,https://www.youtube.com/watch?v=otC36LDFVTw,,,,,,,,
267,350,Luan Cândido,Lucas Evangelista,76,2T,Sul,DA,Cabeça,TITULAR,D,1 x 2,Bragantino,Sulamericana,20/08/2024,TER,21:30,https://www.youtube.com/watch?v=otC36LDFVTw,,,,,,,,
268,351,Pedro,(Pênalti),37,1T,Norte,DA,Pé Direito,TITULAR,V,2 x 1,Flamengo,Brasileiro,01/09/2024,DOM,16:00,https://www.youtube.com/watch?v=0OLuPL3ul3A,,,,,,,,
269,352,(GC) Hugo Souza,(GC),41,1T,Norte,DA,Mão,(GC),V,3 x 1,Juventude,Copa do Brasil,11/09/2024,QUA,21:00,https://www.youtube.com/watch?v=N1hraAmbqCM,,,,,,,,
270,355,Alexandro Bernabei,Thiago Maia,17,1T,Norte,FA,Pé Esquerdo,TITULAR,E,2 x 2,Internacional,Brasileiro,05/10/2024,SÁB,19:00,https://www.youtube.com/watch?v=oiEKqGxsrvE,,,,,,,,
271,355,Ricardo Mathias,Alan Patrick,90+4,2T,Sul,DA,Pé Direito,RESERVA,E,2 x 2,Internacional,Brasileiro,05/10/2024,SÁB,19:00,https://www.youtube.com/watch?v=oiEKqGxsrvE,,,,,,,,
272,356,Nikão,Lucas Esquivel,30,1T,Sul,DA,Cabeça,TITULAR,V,5 x 2,Athletico,Brasileiro,17/10/2024,QUI,20:00,https://www.youtube.com/watch?v=8M8P2MKM2Cw,,,,,,,,
273,356,Erik,Nikão,39,1T,Sul,DA,Pé Direito,TITULAR,V,5 x 2,Athletico,Brasileiro,17/10/2024,QUI,20:00,https://www.youtube.com/watch?v=8M8P2MKM2Cw,,,,,,,,
274,358,Maxi Salas,X,6,1T,Norte,FA,Pé Esquerdo,TITULAR,E,2 x 2,Racing,Sulamericana,24/10/2024,QUI,21:30,https://www.youtube.com/watch?v=1OBHVAvIKX4,,,,,,,,
275,358,Gastón Martirena,Agustín Almendra,54,2T,Sul,FA,Pé Direito,TITULAR,E,2 x 2,Racing,Sulamericana,24/10/2024,QUI,21:30,https://www.youtube.com/watch?v=1OBHVAvIKX4,,,,,,,,
276,360,Kaiki,Mateus Vital,34,1T,Norte,FA,Pé Esquerdo,TITULAR,V,2 x 1,Cruzeiro,Brasileiro,20/11/2024,QUA,11:00,https://www.youtube.com/watch?v=RpSKy4lK5Jw,,,,,,,,
277,361,Pumita Rodríguez,João Victor,76,2T,Sul,DA,Pé Esquerdo,TITULAR,V,3 x 1,Vasco da Gama,Brasileiro,24/11/2024,DOM,16:00,https://www.youtube.com/watch?v=OJmY43QDhVo,,,,,,,,
278,363,Daniel Amorim,Léo Campos,67,2T,Sul,DA,Cabeça,TITULAR,V,2 x 1,Velo Clube,Paulista,19/01/2025,DOM,18:30,https://www.youtube.com/watch?v=hTa3g4Yb7B4,,,,,,,,
279,364,Netinho,Renan Castro,23,1T,Norte,FA,Pé Direito,TITULAR,V,2 x 1,Água Santa,Paulista,22/01/2025,QUA,19:30,https://www.youtube.com/watch?v=7fAJvrwp1uI,,,,,,,,
280,365,Pedro Felipe,Cicinho,90,2T,Sul,DA,Pé Direito,RESERVA,V,2 x 1,Noroeste,Paulista,01/02/2025,SÁB,18:30,https://www.youtube.com/watch?v=_bBHiOQy0-w,,,,,,,,
281,367,Guilherme,Gonzalo Escobar,79,2T,Norte,DA,Cabeça,TITULAR,V,2 x 1,Santos,Paulista,12/02/2025,QUA,21:35,https://www.youtube.com/watch?v=q-r62i1nVTc,,,,,,,,
282,368,Rafael Bilu,João Victor Nascimento,43,1T,Norte,DA,Pé Esquerdo,TITULAR,E,2 x 2,Guarani,Paulista,23/02/2025,DOM,16:30,https://www.youtube.com/watch?v=FNVlO7GhN6A,,,,,,,,
283,368,João Marcelo,Emerson,57,2T,Sul,DA,Pé Direito,TITULAR,E,2 x 2,Guarani,Paulista,23/02/2025,DOM,16:30,https://www.youtube.com/watch?v=FNVlO7GhN6A,,,,,,,,
284,369,Juan Cuesta,Juan Zapata,6,1T,Sul,DA,Pé Direito,TITULAR,V,3 x 2,Universidad Central,Libertadores,26/02/2025,QUA,21:30,https://www.youtube.com/watch?v=s6RwcCZM8Dk,,,,,,,,
285,369,Adrián Martínez,Francisco Solé,45+1,1T,Sul,DA,Cabeça,TITULAR,V,3 x 2,Universidad Central,Libertadores,26/02/2025,QUA,21:30,https://www.youtube.com/watch?v=s6RwcCZM8Dk,,,,,,,,
286,371,Tiquinho Soares,Guilherme,38,1T,Norte,DA,Cabeça,TITULAR,V,2 x 1,Santos,Paulista,09/03/2025,DOM,18:30,https://www.youtube.com/watch?v=bsfzKDNq12s,,,,,,,,
287,374,Leonardo Sequeira,Leonardo Gil,6,1T,Norte,DA,Cabeça,TITULAR,D,1 x 2,Huracán,Sulamericana,02/04/2025,QUA,19:00,https://www.youtube.com/watch?v=qaSj-w001e8,,,,,,,,
288,374,Leonardo Sequeira,Walter Manzzatti,37,1T,Norte,DA,Pé Esquerdo,TITULAR,D,1 x 2,Huracán,Sulamericana,02/04/2025,QUA,19:00,https://www.youtube.com/watch?v=qaSj-w001e8,,,,,,,,
289,376,Renê,X,63,2T,Norte,FA,Pé Direito,TITULAR,D,0 x 2,Fluminense,Brasileiro,16/04/2025,QUA,19:30,https://www.youtube.com/watch?v=lgzlgfXgAa8,,,,,,,,
290,376,Jhon Arias,(Pênalti),82,2T,Norte,DA,Pé Direito,TITULAR,D,0 x 2,Fluminense,Brasileiro,16/04/2025,QUA,19:30,https://www.youtube.com/watch?v=lgzlgfXgAa8,,,,,,,,
291,377,Sérgio Oliveira,Hereda,45,1T,Norte,DA,Pé Direito,TITULAR,V,2 x 1,Sport,Brasileiro,19/04/2025,SÁB,16:00,https://www.youtube.com/watch?v=T6fJZBYNCOg,,,,,,,,
292,379,Aguirre,Wesley,38,1T,Norte,DA,Pé Direito,TITULAR,V,4 x 2,Internacional,Brasileiro,03/05/2025,SÁB,18:30,https://www.youtube.com/watch?v=Ql5H8QBWfW4,,,,,,,,
293,379,Thiago Maia,Alan Patrick,42,1T,Norte,DA,Pé Direito,TITULAR,V,4 x 2,Internacional,Brasileiro,03/05/2025,SÁB,18:30,https://www.youtube.com/watch?v=Ql5H8QBWfW4,,,,,,,,
294,380,Sebastián Navarro,Rafael Carrascal,46,2T,Sul,DA,Pé Direito,TITULAR,E,1 x 1,América de Cali,Sulamericana,06/05/2025,TER,21:30,https://www.youtube.com/watch?v=qdCjmB5tp_U,,,,,,,,
295,384,Eduardo Sasha,(Pênalti),31,1T,Norte,DA,Pé Direito,TITULAR,D,1 x 2,Bragantino,Brasileiro,13/06/2025,DOM,19:00,https://www.youtube.com/watch?v=A0z_FVukcf4,,,,,,,,
296,384,Thiago Borbas,X,90+7,2T,Sul,DA,Pé Esquerdo,RESERVA,D,1 x 2,Bragantino,Brasileiro,13/06/2025,DOM,19:00,https://www.youtube.com/watch?v=A0z_FVukcf4,,,,,,,,
297,387,Breno Lopes,Matheus Pereira,6,1T,Sul,DA,Pé Esquerdo,TITULAR,E,1 x 1,Fortaleza,Brasileiro,03/08/2025,DOM,16:00,https://www.youtube.com/watch?v=4Nqyfo_9rd4,,,,,,,,
298,388,Michel Araújo,Willian José,2,1T,Sul,FA,Pé Esquerdo,TITULAR,D,1 x 2,Bahia,Brasileiro,16/08/2025,SÁB,21:00,https://www.youtube.com/watch?v=CyVDJDOvF0w,,,,,,,,
299,388,Willian José,(Pênalti),43,1T,Sul,DA,Pé Direito,TITULAR,D,1 x 2,Bahia,Brasileiro,16/08/2025,SÁB,21:00,https://www.youtube.com/watch?v=CyVDJDOvF0w,,,,,,,,
300,389,Vitor Roque,(Pênalti),14,1T,Norte,DA,Pé Direito,TITULAR,E,1 x 1,Palmeiras,Brasileiro,31/08/2025,DOM,18:30,https://www.youtube.com/watch?v=8dIWLvfmvA0,,,,,,,,
301,391,De Arrascaeta,Jorge Carrascal,57,2T,Sul,DA,Pé Esquerdo,TITULAR,D,1 x 2,Flamengo,Brasileiro,28/09/2025,DOM,20:30,https://www.youtube.com/watch?v=XH3i9_R9_cc,,,,,,,,
302,391,Luiz Araújo,Jorge Carrascal,87,2T,Sul,DA,Pé Esquerdo,RESERVA,D,1 x 2,Flamengo,Brasileiro,28/09/2025,DOM,20:30,https://www.youtube.com/watch?v=XH3i9_R9_cc,,,,,,,,
303,395,Antonio Galeano,Pedro Henrique Konzen,31,1T,Sul,DA,Pé Direito,TITULAR,D,1 x 0,Ceará,Brasileiro,09/11/2025,DOM,16:00,https://www.youtube.com/watch?v=5No3XbE7iHY,,,,,,,,
304,396,Gonzalo Tapia,Cédric Soares,54,2T,Norte,DA,Cabeça,RESERVA,V,3 x 1,São Paulo,Brasileiro,20/11/2025,QUI,19:30,https://www.youtube.com/watch?v=E1xLoYsI5ek,,,,,,,,
305,397,Cuiabano,Montoro,60,2T,Sul,DA,Pé Esquerdo,TITULAR,E,2 x 2,Botafogo,Brasileiro,30/11/2025,DOM,16:00,https://www.youtube.com/watch?v=ce7uoNWMoTc,,,,,,,,
306,397,Jordan Barrera,X,66,2T,Sul,DA,Pé Direito,RESERVA,E,2 x 2,Botafogo,Brasileiro,30/11/2025,DOM,16:00,https://www.youtube.com/watch?v=ce7uoNWMoTc,,,,,,,,
307,398,Edison Negueba,Marcelo Hermes,88,2T,Sul,DA,Cabeça,RESERVA,E,1 x 1,Juventude,Brasileiro,07/12/2025,DOM,16:00,https://www.youtube.com/watch?v=6WXNKbklHWk,,,,,,,,
308,399,Keny Arroyo,Christian,40,1T,Norte,DA,Cabeça,RESERVA,D,1 x 2,Cruzeiro,Copa do Brasil,14/12/2025,DOM,18:00,https://www.youtube.com/watch?v=1DcTiR67GnA,,,,,,,,
309,399,Keny Arroyo,Kaio Jorge,51,2T,Sul,DA,Pé Esquerdo,RESERVA,D,1 x 2,Cruzeiro,Copa do Brasil,14/12/2025,DOM,18:00,https://www.youtube.com/watch?v=1DcTiR67GnA,,,,,,,,